Time (s),Latitude (째),Longitude (째),Height (m),Velocity (m/s),Direction (째),Horizontal Accuracy (m),Vertical Accuracy (째)
1654802181449469952,50.08356591,14.4658687,250.9866714,-1.0,-1.0,106.33333329999999,106.33333329999999
1654802181449469952,50.08355961,14.46584975,250.97283169999997,-1.0,-1.0,106.33333329999999,106.33333329999999
1654802181892786944,50.08354346,14.46587682,250.97945019999997,-1.0,-1.0,35.0,35.0
1654802187944089088,50.08353791,14.46582066,251.06681060000003,-1.0,-1.0,106.33333329999999,106.33333329999999
1654802188332335104,50.0834235,14.46580078,251.08100890000003,-1.0,-1.0,35.0,35.0
1654802194393332992,50.08348332,14.46579036,251.09415440000004,-1.0,-1.0,106.33333329999999,106.33333329999999
1654802194852015104,50.08357865,14.46590662,251.1429367,-1.0,-1.0,35.0,35.0
1654802200895450112,50.08360239,14.46587393,251.0615921,-1.0,-1.0,78.67003176,78.67003176
1654802201406466048,50.08356315,14.46592834,251.0266647,-1.0,-1.0,35.0,35.0
1654802207513593088,50.08357753,14.46588356,250.9944534,-1.0,-1.0,67.92290388,67.92290388
1654802207999145984,50.08354228,14.46584477,250.9823036,-1.0,-1.0,35.0,35.0
1654802211490560000,50.08356278,14.46592674,250.9718781,-1.0,-1.0,35.0,35.0
1654802217524615936,50.0835773,14.46593346,250.9639511,-1.0,-1.0,56.22687267,56.22687267
1654802217902294016,50.08354635,14.46586393,250.9604836,-1.0,-1.0,35.0,35.0
1654802223923600896,50.08355903,14.4658672,250.9572983,-1.0,-1.0,55.04835815,55.04835815
1654802223994849280,50.08373039,14.46606349,254.9686509,1.230000019,-1.0,79.89408194,79.89408194
1654802224995173632,50.08372255,14.46608042,255.1480332,1.230000019,-1.0,84.24336749,84.24336749
1654802225995439616,50.08371505,14.4660971,255.30214700000002,1.230000019,-1.0,88.91315312,88.91315312
1654802226995737856,50.08370738,14.46611269,255.43196880000002,1.230000019,-1.0,93.8962215,93.8962215
1654802227995969280,50.08369954,14.46612745,255.53926859999999,1.230000019,-1.0,99.18375897,99.18375897
1654802228996235520,50.08369162,14.46614144,255.6260605,1.230000019,-1.0,104.7660417,104.7660417
1654802229996438784,50.08368362,14.46615502,255.69454199999998,1.230000019,-1.0,110.63291129999999,110.63291129999999
1654802231012416512,50.08367553,14.4661681,255.7472764,1.230000019,-1.0,116.77474440000002,116.77474440000002
1654802241021216512,50.08340955,14.46590006,251.23725090000002,1.172545035,-1.0,47.27315622,47.27315622
1654802242017455872,50.08340097,14.46590855,250.729965,1.171826828,-1.0,53.4606627,53.4606627
1654802243014902784,50.08339217,14.465917,250.57541040000004,1.170170322,-1.0,60.05270575,60.05270575
1654802244015537920,50.08352012,14.46595936,250.5748741,1.01779181,-1.0,36.74692467,36.74692467
1654802245022454016,50.08352551,14.46597221,250.42604330000003,1.009445705,-1.0,41.78856829,41.78856829
1654802246017790208,50.08354186,14.46606217,250.3694372,1.962069621,67.43303701,42.38081815,42.38081815
1654802247014403072,50.08354557,14.46607094,250.58438969999997,1.4328076180000002,65.08523442,44.31769724,44.31769724
1654802247998882304,50.08352834,14.46600246,250.55731490000002,0.8094809548,-1.0,47.12728903,47.12728903
1654802248998956288,50.08353936,14.46601357,250.5905397,0.6177248595,-1.0,48.12568753,48.12568753
1654802249999026944,50.0835311,14.46600397,250.5035097,0.5093433204,-1.0,50.25266738,50.25266738
1654802250999094784,50.08348958,14.46599618,250.47156969999998,0.46293642329999996,-1.0,51.76900318,51.76900318
1654802251999159040,50.08347974,14.46598079,250.6316696,0.6703204135,-1.0,41.52909757,41.52909757
1654802252999221504,50.08352845,14.46592829,250.53163790000002,0.3109010755,-1.0,24.56264412,24.56264412
1654802253999279360,50.0835108,14.46592309,250.64210980000001,0.260245613,-1.0,20.14596105,20.14596105
1654802254999335936,50.0834713,14.46600313,250.64601800000003,0.0,80.69894843,16.74596916,16.74596916
1654802255999390464,50.08347094,14.46600412,250.59539069999997,0.0,80.69894918,13.4075772,13.4075772
1654802256999441664,50.08346956,14.46600036,250.5334369,0.0,80.6989463,13.73344989,13.73344989
1654802257999492096,50.08347092,14.46599963,250.55036580000004,0.0,80.69894574,14.58418944,14.58418944
1654802258999540736,50.08346803,14.46599917,250.5119522,0.0,80.6989454,16.18450703,16.18450703
1654802259999586304,50.08346793,14.46600063,250.5437952,0.0,80.69894651,18.20638136,18.20638136
1654802260999631104,50.08346896,14.46600602,250.5035738,0.0,80.69895065,21.18500973,21.18500973
1654802261999674112,50.08346846,14.46601398,250.45439419999997,0.0,80.69895675,24.41865263,24.41865263
1654802262999714816,50.08347025,14.46602039,250.4262264,0.0,80.69896167,28.52832804,28.52832804
1654802264019321344,50.08346915,14.46602098,250.3986636,0.0,80.69896212,30.56834048,30.56834048
1654802264999793920,50.08343937,14.46600658,256.8116684,0.49000000950000006,309.7265625,47.34983269,47.34983269
1654802265999831808,50.08343937,14.46600658,256.8116685,0.49000000950000006,-1.0,47.34983269,47.34983269
1654802266999868160,50.08345014,14.46599518,260.770958,0.75,-1.0,59.02171765,59.02171765
1654802267999904512,50.08346066,14.46599954,260.55794530000003,0.5299999714,-1.0,61.99098231,61.99098231
1654802268999941888,50.08346292,14.46600524,261.33138280000003,0.0,-1.0,66.3070798,66.3070798
1654802269999971584,50.08346397,14.4660189,261.1081162,0.30000001190000003,-1.0,72.94297519,72.94297519
1654802271000003840,50.08346531,14.4660324,261.10958109999996,0.30000001190000003,-1.0,80.31993429,80.31993429
1654802272000038656,50.08346611,14.4660448,261.0788804,0.30000001190000003,-1.0,88.15799704,88.15799704
1654802273000067072,50.08346686,14.46605561,261.0108262,0.30000001190000003,-1.0,96.46384072,96.46384072
1654802274019343616,50.08346774,14.466065,260.9031602,0.30000001190000003,-1.0,105.22064270000001,105.22064270000001
1654802275019345408,50.08352551,14.46592311,250.44762889999998,0.0,80.69888701,25.21112649,25.21112649
1654802276019357696,50.08352635,14.46592995,250.4490732,0.0,80.69889226,29.65182301,29.65182301
1654802277019312128,50.08352168,14.46588838,250.51235209999996,0.0,80.69886038,30.82366525,30.82366525
1654802278020328192,50.08351882,14.46587205,250.4728466,0.0,80.69884786,33.14579836,33.14579836
1654802279000238080,50.08351657,14.46587307,250.51386290000002,0.0,80.69884863,38.45596615,38.45596615
1654802280000264960,50.08351816,14.46587708,250.5100165,0.0,80.69885171,42.65386664,42.65386664
1654802281000291584,50.08351832,14.46586754,250.3929546,0.0,80.69884439,45.5154247,45.5154247
1654802282000317184,50.08351678,14.46586535,250.5804315,0.0,80.69884272,49.91296135,49.91296135
1654802283000342528,50.08349999,14.46583888,250.5135307,0.0,80.69882242,54.21576117,54.21576117
1654802284000367104,50.08342189,14.46586422,250.4952211,0.0,80.69884191,54.38520561,54.38520561
1654802285000392192,50.0833731,14.46587909,250.3662074,0.0,80.69885335,53.13775112,53.13775112
1654802286000417024,50.08311442,14.46597451,250.3282673,2.864835303,151.0689709,49.2393256,49.2393256
1654802287000440320,50.08315351,14.46597233,250.45829840000002,2.165910064,155.1288314,46.21259821,46.21259821
1654802288000463872,50.0832184,14.46596041,250.13268250000002,0.0,155.5522706,28.19571689,28.19571689
1654802289000486912,50.08324702,14.46598168,250.191641,0.0,155.55228490000002,17.39168697,17.39168697
1654802290000511232,50.08325099,14.46597036,250.01929280000002,0.0,155.55227659999997,17.30668321,17.30668321
1654802291000533504,50.08324691,14.46596918,250.1204144,0.0,155.5522759,16.44670337,16.44670337
1654802292000556032,50.08324276,14.4659701,250.0901401,0.0,155.5522767,17.56608964,17.56608964
1654802293000578304,50.08324039,14.46597107,249.87097409999998,0.0,155.5522775,19.33196571,19.33196571
1654802294000601600,50.08322899,14.46597201,249.957811,0.0,155.5522786,21.68681535,21.68681535
1654802295000623104,50.0832199,14.46596625,249.8748722,0.0,155.55227480000002,24.57849665,24.57849665
1654802296000644608,50.08321203,14.46597408,249.85069,0.0,155.55228069999998,28.10412223,28.10412223
1654802297000666368,50.08320579,14.46598164,249.881547,0.0,155.55228630000002,31.43759053,31.43759053
1654802298000688128,50.08320405,14.46599383,250.13312799999997,0.0,155.55229509999998,35.87828952,35.87828952
1654802299000710400,50.08320091,14.46599141,249.9475044,0.0,155.55229350000002,40.76940217,40.76940217
1654802300000731648,50.08320057,14.4660007,250.1260275,0.0,155.5523002,46.09860963,46.09860963
1654802301000752128,50.08320218,14.46600006,249.7025165,0.0,155.5522997,52.30554916,52.30554916
1654802302000773888,50.08321518,14.46601122,250.01954869999997,0.0,155.5523072,56.41931435,56.41931435
1654802303000794112,50.08322292,14.46607058,249.7991434,0.0,155.5523496,53.67589732,53.67589732
1654802304000815360,50.083216,14.46603532,249.72267209999998,0.0,155.5523245,57.8131726,57.8131726
1654802305000836608,50.08320404,14.46604126,249.7701941,0.0,155.5523292,63.15641686,63.15641686
1654802306000856320,50.08319801,14.46604456,249.86051030000002,0.0,155.55233180000002,69.165435,69.165435
1654802307000877056,50.0831993,14.46604699,249.83159269999996,0.0,155.5523335,74.94353329,74.94353329
1654802308000897280,50.08320074,14.46604842,249.8663426,0.0,155.5523344,81.53814359,81.53814359
1654802309000918016,50.08343939,14.46596954,249.7639395,0.0,155.5522695,54.8352899,54.8352899
1654802310018607104,50.08345819,14.46589558,249.8424429,0.0,155.5522158,30.45935634,30.45935634
1654802311017729280,50.08345737,14.46587626,250.22988519999998,0.0,155.5522019,34.70127605,34.70127605
1654802312013545216,50.08346217,14.46587733,250.3799274,0.0,155.5522025,38.85487408,38.85487408
1654802313018823168,50.08345644,14.46588934,250.37033799999998,0.0,155.5522113,44.38693537,44.38693537
1654802314023773696,50.08344498,14.46590152,250.02930350000003,0.0,155.5522205,49.97067835,49.97067835
1654802315018863104,50.08344401,14.4659091,250.1303994,0.0,155.552226,53.44277018,53.44277018
1654802316018739712,50.0834392,14.46588949,250.15882819999996,0.0,155.5522121,49.63965515,49.63965515
1654802317001079040,50.08343132,14.46591066,250.0782667,0.0,155.5522275,54.88956448,54.88956448
1654802318001099520,50.08341831,14.46594294,250.0918141,0.0,155.5522512,59.9447049,59.9447049
1654802319001118976,50.08340445,14.4659379,250.31544449999998,0.0,155.552248,64.38823384,64.38823384
1654802320001138176,50.08340696,14.46587623,250.19848969999998,0.0,155.55220359999998,67.57465052,67.57465052
1654802321001157888,50.08338515,14.4658832,250.3378906,0.0,155.5522094,69.49377729,69.49377729
1654802322001178112,50.08259101,14.46601962,250.03533760000002,7.5695893089999995,165.0268629,62.12106535,62.12106535
1654802323001198336,50.08319684,14.46575713,250.3191875,1.107773562,162.18333180000002,31.15787009,31.15787009
1654802324001218048,50.08336773,14.46568947,250.2123328,1.081867481,168.6447366,19.5476226,19.5476226
1654802325001238016,50.08335748,14.46568848,250.4261952,0.9833581243,189.94723100000002,18.90251903,18.90251903
1654802326001257216,50.08334342,14.46574283,250.15179069999996,0.9287832923,166.0596955,18.47530283,18.47530283
1654802327001276416,50.08326696,14.46581945,249.9857469,0.571225371,143.8014064,16.01448303,16.01448303
1654802328001296384,50.08324181,14.46589465,250.0653332,0.0,143.80146000000002,9.656196135,9.656196135
1654802329001316864,50.08324985,14.46587387,250.0347841,0.0,143.8014451,9.593869991,9.593869991
1654802330001335808,50.08324718,14.46587501,249.75764069999997,0.0,143.8014461,10.31081434,10.31081434
1654802331001355264,50.08324383,14.46587852,250.2784318,0.0,143.8014488,11.53850308,11.53850308
1654802332001374976,50.08324032,14.46588482,249.8365647,0.0,143.80145349999998,13.22272031,13.22272031
1654802333001393920,50.08323529,14.46588986,249.82528050000002,0.0,143.8014574,15.36317194,15.36317194
1654802334001414400,50.08323327,14.46589906,250.15321690000002,0.0,143.8014638,18.71367451,18.71367451
1654802335001433344,50.0832324,14.46590156,249.8103645,0.0,143.8014656,22.53635606,22.53635606
1654802336001453056,50.08322938,14.4659077,249.90111569999996,0.0,143.8014701,26.64682847,26.64682847
1654802337001472000,50.08322249,14.4659097,249.96692459999997,0.0,143.80147209999998,31.34529702,31.34529702
1654802338017539072,50.08321826,14.46591144,249.9936159,0.0,143.8014737,33.58434537,33.58434537
1654802345001626880,50.08390553,14.46595193,293.46993260000005,0.8199999928,21.09375,90.38024848,90.38024848
1654802346001647616,50.08390553,14.46595193,293.46993260000005,0.8199999928,-1.0,90.38024848,90.38024848
1654802347001666304,50.08317791,14.46592453,250.58057909999997,0.0,143.8014866,91.5587184,91.5587184
1654802348001686016,50.08343982,14.4658464,250.3567265,1.826366213,357.0760295,34.86776707,34.86776707
1654802349001704960,50.08345422,14.46585185,250.4570634,1.7750188759999999,359.64155550000004,38.03858926,38.03858926
1654802350001723904,50.08334596,14.46594848,250.35863959999998,1.161012542,132.86760959999998,30.90442327,30.90442327
1654802350999125504,50.0833343,14.46593267,250.09225849999999,1.062588946,144.1026101,30.14806214,30.14806214
1654802351999169024,50.0833279,14.46594128,250.17004120000001,1.051970362,143.7323935,31.17029237,31.17029237
1654802352999157248,50.08331224,14.46589366,250.0509848,0.9812480011,159.6320894,28.96512983,28.96512983
1654802353999203328,50.08330852,14.46591929,250.1314753,1.025256334,156.3471702,28.81895424,28.81895424
1654802354999201280,50.08331393,14.46593409,249.9320048,0.9367486409,166.53331310000002,26.80034534,26.80034534
1654802355999247872,50.08360301,14.46577758,250.0581543,0.0,167.3674442,20.23343405,20.23343405
1654802356999244032,50.08357662,14.46576532,250.12598340000002,0.0,167.3674356,19.90771259,19.90771259
1654802357999291648,50.08357337,14.46577955,250.25480409999997,0.0,167.3674461,20.7185806,20.7185806
1654802358999287040,50.08356404,14.46576412,250.3388167,0.0,167.3674349,20.64898263,20.64898263
1654802359999335424,50.08377275,14.46573651,250.5590631,0.0,167.367412,11.79795577,11.79795577
1654802360999331584,50.08370709,14.46581511,250.6870793,0.0,167.3674703,11.30216161,11.30216161
1654802361999377920,50.08356369,14.46584312,250.63749790000003,0.0,167.3674926,9.368631697,9.368631697
1654802362999373056,50.08352031,14.46586892,250.60399790000002,0.0,167.36751189999998,8.948816232,8.948816232
1654802363999417856,50.08350653,14.46586792,250.44962009999998,0.9354535407,179.03239130000003,9.717905679,9.717905679
1654802364999408640,50.08349855,14.4658665,250.5302673,0.9676790073999999,180.7075501,10.90568054,10.90568054
1654802365999453696,50.08348703,14.46586161,250.6815085,1.0250824809999999,184.3590179,12.47739207,12.47739207
1654802366999447552,50.08347467,14.46585609,250.49745819999998,1.075352362,186.3337397,14.63275267,14.63275267
1654802367999487232,50.08346987,14.46585769,250.43724480000003,0.0,184.79211669999998,16.80626262,16.80626262
1654802368999475712,50.08345768,14.46585229,250.47348480000002,0.0,184.7921127,19.5384073,19.5384073
1654802369999515392,50.0834462,14.46584791,250.6032562,0.0,184.79210940000002,22.23819359,22.23819359
1654802370999556864,50.08343469,14.46584626,250.35654509999998,0.0,184.7921081,26.0828946,26.0828946
1654802371999596032,50.08342223,14.46584258,250.40439390000003,0.0,184.7921054,29.57527032,29.57527032
1654802372999633920,50.08340253,14.46583616,250.41207819999997,0.0,184.7921006,33.61560256,33.61560256
1654802373999672576,50.08339172,14.46583028,250.26866,0.0,184.79209619999997,37.983811,37.983811
1654802374999708416,50.08338337,14.46582199,250.34522379999999,0.0,184.7920901,43.18159302,43.18159302
1654802375999742464,50.0833798,14.46581799,250.32089380000002,0.0,184.7920871,46.37346656,46.37346656
1654802376999777536,50.08338615,14.4658477,250.22215719999997,0.0,184.792109,46.86833044,46.86833044
1654802377999810816,50.08339041,14.46586413,250.25408219999997,0.0,184.7921211,50.61252274,50.61252274
1654802378999844864,50.08342399,14.46586629,250.1826621,0.0,184.79212280000002,51.10404742,51.10404742
1654802379999877120,50.08346656,14.46586342,250.0500739,0.0,184.79212090000001,50.99721837,50.99721837
1654802380999908096,50.08348783,14.46585176,250.27289680000004,0.0,184.7921124,51.13826712,51.13826712
1654802381999939328,50.08343208,14.4658643,250.3565321,0.0,184.7921214,54.08993563,54.08993563
1654802382999968256,50.08341014,14.46587475,250.1443201,0.0,184.79212900000002,49.92640461,49.92640461
1654802383999998720,50.08342317,14.46586297,250.21062769999997,0.0,184.79212040000002,32.20941037,32.20941037
1654802385000027904,50.08329954,14.46596634,250.2889494,0.0,184.7921959,22.28458625,22.28458625
1654802386000056064,50.08330365,14.4659154,250.20254759999997,0.0,184.7921585,18.2836134,18.2836134
1654802387000101888,50.08329841,14.46591994,250.0369713,0.0,184.7921618,17.22506541,17.22506541
1654802388000111872,50.08329255,14.46592103,250.18141200000002,0.0,184.79216259999998,17.78928307,17.78928307
1654802389000139008,50.08328621,14.46592412,249.9254617,0.0,184.7921648,18.84832481,18.84832481
1654802390000165376,50.08327874,14.46592361,250.1970911,0.0,184.79216440000002,20.64673151,20.64673151
1654802391000192512,50.08327556,14.46592371,249.92968059999998,0.0,184.7921645,23.00776487,23.00776487
1654802391219836416,50.08364387,14.46597507,250.8938179,0.0,44.30554063,25.03170698,25.03170698
1654802392215432704,50.08364166,14.46594433,250.96108519999999,0.0,44.3055179,23.78933033,23.78933033
1654802393220723200,50.08364305,14.46596314,250.861609,0.0,44.30553181,23.53237291,23.53237291
1654802394218254592,50.0836443,14.46595479,251.01700609999997,0.0,44.30552572,22.80411688,22.80411688
1654802395215597312,50.08364633,14.46597456,250.82071119999998,0.0,44.30554038,23.43972035,23.43972035
1654802396219749120,50.08364706,14.4659721,251.23394059999998,0.0,44.30553859,24.86238611,24.86238611
1654802397220742912,50.08364918,14.46597202,250.8253569,0.0,44.30553864,26.62895175,26.62895175
1654802398221663744,50.0836512,14.46597364,250.73669619999998,0.0,44.30553993,23.96911331,23.96911331
1654802399220185856,50.0836512,14.46597364,250.73669619999998,0.0,44.30553993,23.9286835,23.9286835
1654802400220305920,50.0836512,14.46597364,250.73669619999998,0.0,44.30553993,23.83407484,23.83407484
1654802401219920640,50.0836512,14.46597364,250.73669619999998,0.0,44.30553993,23.69892192,23.69892192
1654802402219985152,50.0836512,14.46597364,250.73669619999998,0.0,44.30553993,23.63942688,23.63942688
1654802403218818048,50.0836512,14.46597364,250.73669619999998,0.0,44.30553993,23.63298436,23.63298436
1654802404218849280,50.0836512,14.46597364,250.73669619999998,0.0,44.30553993,23.68771708,23.68771708
1654802405215518720,50.0836512,14.46597364,250.73669619999998,0.0,44.30553993,23.81294471,23.81294471
1654802406220143872,50.0836512,14.46597364,250.73669619999998,0.0,44.30553993,23.87657924,23.87657924
1654802407219984896,50.0836512,14.46597364,250.73669619999998,0.0,44.30553993,23.88852259,23.88852259
1654802408218080768,50.0836512,14.46597364,250.73669619999998,0.0,44.30553993,23.94110397,23.94110397
1654802409219107840,50.0836512,14.46597364,250.73669619999998,0.0,44.30553993,24.0055044,24.0055044
1654802410220123904,50.0836512,14.46597364,250.73669619999998,0.0,44.30553993,24.08722967,24.08722967
1654802411220125952,50.0836512,14.46597364,250.73669619999998,0.0,44.30553993,24.11788458,24.11788458
1654802412219644416,50.0836512,14.46597364,250.73669619999998,0.0,44.30553993,24.15470686,24.15470686
1654802413217976576,50.0836512,14.46597364,250.73669619999998,0.0,44.30553993,24.22103287,24.22103287
1654802414219255296,50.0836512,14.46597364,250.73669619999998,0.0,44.30553993,24.26273661,24.26273661
1654802415217317120,50.0836512,14.46597364,250.73669619999998,0.0,44.30553993,24.26248709,24.26248709
1654802416218778368,50.0836512,14.46597364,250.73669619999998,0.0,44.30553993,24.27845104,24.27845104
1654802417220120576,50.0836512,14.46597364,250.73669619999998,0.0,44.30553993,24.28798566,24.28798566
1654802418218658304,50.0836512,14.46597364,250.73669619999998,0.0,44.30553993,24.3007324,24.3007324
1654802419217256960,50.0836512,14.46597364,250.73669619999998,0.0,44.30553993,24.32077767,24.32077767
1654802420222009600,50.0836512,14.46597364,250.73669619999998,0.0,44.30553993,24.35265205,24.35265205
1654802421219319808,50.0836512,14.46597364,250.73669619999998,0.0,44.30553993,24.38014391,24.38014391
1654802422220941056,50.0836512,14.46597364,250.73669619999998,0.0,44.30553993,24.40496496,24.40496496
1654802423219498496,50.0836512,14.46597364,250.73669619999998,0.0,44.30553993,24.37860567,24.37860567
1654802424214363904,50.0836512,14.46597364,250.73669619999998,0.0,44.30553993,24.389239,24.389239
1654802425221255424,50.08365233,14.46599527,251.0545838,0.0,44.3055559,24.4159374,24.4159374
1654802426221716992,50.08358185,14.46598915,250.9176713,0.0,44.3055481,15.39653498,15.39653498
1654802427220631040,50.0835827,14.46599591,250.7413321,0.0,44.30555312,15.97360853,15.97360853
1654802428219035904,50.08358385,14.4659946,251.02793530000002,0.0,44.30555221,17.44848931,17.44848931
1654802429219572992,50.08358385,14.4659946,251.02793530000002,0.0,44.30555221,16.10850725,16.10850725
1654802430218829056,50.08358385,14.4659946,251.02793530000002,0.0,44.30555221,16.01861788,16.01861788
1654802431220423936,50.08358385,14.4659946,251.02793530000002,0.0,44.30555221,16.11744315,16.11744315
1654802432220116992,50.08358385,14.4659946,251.02793530000002,0.0,44.30555221,13.84922392,13.84922392
1654802433212808704,50.08358385,14.4659946,251.02793530000002,0.0,44.30555221,13.97935701,13.97935701
1654802434218352896,50.08358385,14.4659946,251.02793530000002,0.0,44.30555221,14.07955152,14.07955152
1654802435218768384,50.08358385,14.4659946,251.02793530000002,0.0,44.30555221,14.18351599,14.18351599
1654802436219180544,50.08358385,14.4659946,251.02793530000002,0.0,44.30555221,14.2890282,14.2890282
1654802437218268928,50.08358385,14.4659946,251.02793530000002,0.0,44.30555221,14.37393925,14.37393925
1654802438214137600,50.08358385,14.4659946,251.02793530000002,0.0,44.30555221,14.49133779,14.49133779
1654802439219848704,50.08358385,14.4659946,251.02793530000002,0.0,44.30555221,14.59531428,14.59531428
1654802440215371008,50.08358385,14.4659946,251.02793530000002,0.0,44.30555221,14.70136274,14.70136274
1654802441217420032,50.08358385,14.4659946,251.02793530000002,0.0,44.30555221,14.79905083,14.79905083
1654802442217730560,50.08358385,14.4659946,251.02793530000002,0.0,44.30555221,14.90954056,14.90954056
1654802443217667072,50.08358385,14.4659946,251.02793530000002,0.0,44.30555221,15.0026078,15.0026078
1654802444218422272,50.08358385,14.4659946,251.02793530000002,0.0,44.30555221,15.10968461,15.10968461
1654802445219327232,50.08358385,14.4659946,251.02793530000002,0.0,44.30555221,15.21198249,15.21198249
1654802446217557248,50.08357881,14.46597015,250.7829753,0.0,44.30553397,15.46429793,15.46429793
1654802447219504128,50.08357931,14.46597116,250.8934985,0.0,44.30553474,16.01397415,16.01397415
1654802448217975552,50.08357895,14.46597095,250.909748,0.0,44.30553457,15.86569797,15.86569797
1654802449219424000,50.08357895,14.46597095,250.909748,0.0,44.30553457,15.90248757,15.90248757
1654802450220368896,50.08357895,14.46597095,250.909748,0.0,44.30553457,15.96642737,15.96642737
1654802451219681792,50.08357991,14.46597737,250.8113974,0.0,44.30553934,16.281276,16.281276
1654802452216010752,50.08358007,14.46597856,250.74225959999998,0.0,44.30554022,16.11717274,16.11717274
1654802453219728128,50.08358019,14.46597871,250.73001409999998,0.0,44.30554034,15.99023641,15.99023641
1654802454218903040,50.08358019,14.46597871,250.73001409999998,0.0,44.30554034,15.92651743,15.92651743
1654802455220842496,50.08358019,14.46597871,250.73001409999998,0.0,44.30554034,15.60594478,15.60594478
1654802456218398720,50.08358019,14.46597871,250.73001409999998,0.0,44.30554034,15.56974024,15.56974024
1654802457220303616,50.08358019,14.46597871,250.73001409999998,0.0,44.30554034,15.53478512,15.53478512
1654802458219057664,50.08357975,14.46597457,250.8088424,0.0,44.30553727,15.52875762,15.52875762
1654802459220302592,50.08357986,14.46597505,250.8063298,0.0,44.30553763,15.53393144,15.53393144
1654802460220646912,50.08357986,14.46597505,250.8063298,0.0,44.30553763,15.40819097,15.40819097
1654802461222305280,50.08357986,14.46597505,250.8063298,0.0,44.30553763,13.79569298,13.79569298
1654802462219167744,50.08357986,14.46597505,250.8063298,0.0,44.30553763,13.7982136,13.7982136
1654802463215606528,50.08357986,14.46597505,250.8063298,0.0,44.30553763,13.82324629,13.82324629
1654802464220567808,50.08357986,14.46597505,250.8063298,0.0,44.30553763,13.75833954,13.75833954
1654802465221824512,50.08357526,14.46597995,250.7255236,0.0,44.30554102,13.79807247,13.79807247
1654802466219845888,50.08357624,14.46597712,250.6755779,0.0,44.30553899,14.08353081,14.08353081
1654802467219981824,50.08357641,14.46597739,250.65948089999998,0.0,44.30553919,14.05597091,14.05597091
1654802468220710912,50.08357641,14.46597739,250.65948089999998,0.0,44.30553919,14.05504485,14.05504485
1654802469220854784,50.08357641,14.46597739,250.65948089999998,0.0,44.30553919,14.11255054,14.11255054
1654802470219238912,50.08357641,14.46597739,250.65948089999998,0.0,44.30553919,14.18503192,14.18503192
1654802471218927360,50.08357641,14.46597739,250.65948089999998,0.0,44.30553919,14.21529419,14.21529419
1654802472218593280,50.08357641,14.46597739,250.65948089999998,0.0,44.30553919,14.24870736,14.24870736
1654802473220153600,50.08357641,14.46597739,250.65948089999998,0.0,44.30553919,14.14439015,14.14439015
1654802474218917888,50.08357641,14.46597739,250.65948089999998,0.0,44.30553919,14.16016448,14.16016448
1654802475218808320,50.08357641,14.46597739,250.65948089999998,0.0,44.30553919,14.15444496,14.15444496
1654802476218838784,50.08357641,14.46597739,250.65948089999998,0.0,44.30553919,14.20596904,14.20596904
1654802477220065792,50.08357641,14.46597739,250.65948089999998,0.0,44.30553919,14.2570236,14.2570236
1654802478220749824,50.08357641,14.46597739,250.65948089999998,0.0,44.30553919,14.31414428,14.31414428
1654802479220697856,50.08357641,14.46597739,250.65948089999998,0.0,44.30553919,14.51793722,14.51793722
1654802480219516416,50.08357641,14.46597739,250.65948089999998,0.0,44.30553919,14.59195931,14.59195931
1654802481218822400,50.08357641,14.46597739,250.65948089999998,0.0,44.30553919,14.65142294,14.65142294
1654802482221611776,50.08357641,14.46597739,250.65948089999998,0.0,44.30553919,14.69573557,14.69573557
1654802483221773056,50.08357641,14.46597739,250.65948089999998,0.0,44.30553919,14.73487138,14.73487138
1654802484220641536,50.08357641,14.46597739,250.65948089999998,0.0,44.30553919,14.79791579,14.79791579
1654802485219942656,50.08357641,14.46597739,250.65948089999998,0.0,44.30553919,14.81857576,14.81857576
1654802486220642304,50.08357641,14.46597739,250.65948089999998,0.0,44.30553919,14.86649423,14.86649423
1654802487220761600,50.08357641,14.46597739,250.65948089999998,0.0,44.30553919,14.91305656,14.91305656
1654802488221521920,50.08357641,14.46597739,250.65948089999998,0.0,44.30553919,14.93004195,14.93004195
1654802489220591872,50.08357641,14.46597739,250.65948089999998,0.0,44.30553919,14.59607385,14.59607385
1654802490221084672,50.08357641,14.46597739,250.65948089999998,0.0,44.30553919,13.1651567,13.1651567
1654802491220554496,50.08357641,14.46597739,250.65948089999998,0.0,44.30553919,13.27826498,13.27826498
1654802492220577792,50.08357641,14.46597739,250.65948089999998,0.0,44.30553919,12.25464202,12.25464202
1654802493223609344,50.08357641,14.46597739,250.65948089999998,0.0,44.30553919,12.31375687,12.31375687
1654802494219418880,50.08357641,14.46597739,250.65948089999998,0.0,44.30553919,12.42889879,12.42889879
1654802495219543296,50.08357641,14.46597739,250.65948089999998,0.0,44.30553919,12.40515531,12.40515531
1654802496220570880,50.08357641,14.46597739,250.65948089999998,0.0,44.30553919,12.48049919,12.48049919
1654802497220585472,50.08357641,14.46597739,250.65948089999998,0.0,44.30553919,12.52876813,12.52876813
1654802498219796736,50.08357641,14.46597739,250.65948089999998,0.0,44.30553919,12.63440608,12.63440608
1654802499215927040,50.08357641,14.46597739,250.65948089999998,0.0,44.30553919,12.71920175,12.71920175
1654802500221568768,50.08357641,14.46597739,250.65948089999998,0.0,44.30553919,12.76874524,12.76874524
1654802501221684736,50.08357641,14.46597739,250.65948089999998,0.0,44.30553919,12.87983415,12.87983415
1654802502221188864,50.08357641,14.46597739,250.65948089999998,0.0,44.30553919,12.96322482,12.96322482
1654802503220156672,50.08357641,14.46597739,250.65948089999998,0.0,44.30553919,13.17310252,13.17310252
1654802504219815424,50.08357641,14.46597739,250.65948089999998,0.0,44.30553919,13.15660117,13.15660117
1654802505219804416,50.08357641,14.46597739,250.65948089999998,0.0,44.30553919,13.19278025,13.19278025
1654802506221141760,50.08357641,14.46597739,250.65948089999998,0.0,44.30553919,13.19602356,13.19602356
1654802507220587264,50.08357641,14.46597739,250.65948089999998,0.0,44.30553919,13.24311669,13.24311669
1654802508219727616,50.08357641,14.46597739,250.65948089999998,0.0,44.30553919,13.25620731,13.25620731
1654802509220954112,50.08357641,14.46597739,250.65948089999998,0.0,44.30553919,13.28896655,13.28896655
1654802510220273408,50.08357641,14.46597739,250.65948089999998,0.0,44.30553919,13.3276079,13.3276079
1654802511220897280,50.08357641,14.46597739,250.65948089999998,0.0,44.30553919,13.35806956,13.35806956
1654802512220722432,50.08357641,14.46597739,250.65948089999998,0.0,44.30553919,13.38606235,13.38606235
1654802513220841472,50.08357641,14.46597739,250.65948089999998,0.0,44.30553919,13.41327127,13.41327127
1654802514221411072,50.08357641,14.46597739,250.65948089999998,0.0,44.30553919,13.46078057,13.46078057
1654802515220050688,50.08357641,14.46597739,250.65948089999998,0.0,44.30553919,13.52905815,13.52905815
1654802516221346048,50.08357641,14.46597739,250.65948089999998,0.0,44.30553919,13.58977443,13.58977443
1654802517219416064,50.08357641,14.46597739,250.65948089999998,0.0,44.30553919,13.68449171,13.68449171
1654802518220047616,50.08357641,14.46597739,250.65948089999998,0.0,44.30553919,13.71036369,13.71036369
1654802519216378880,50.08357641,14.46597739,250.65948089999998,0.0,44.30553919,13.78642693,13.78642693
1654802520218942720,50.08357641,14.46597739,250.65948089999998,0.0,44.30553919,13.89030268,13.89030268
1654802521221049344,50.08358499,14.46599416,250.74401469999998,0.0,44.30555194,13.98115189,13.98115189
1654802522220950784,50.08358358,14.46599992,250.78228880000003,0.0,44.30555612,14.08961325,14.08961325
1654802523223035904,50.08358358,14.46599992,250.78228880000003,0.0,44.30555612,12.17117375,12.17117375
1654802524219601152,50.08358358,14.46599992,250.78228880000003,0.0,44.30555612,12.245588,12.245588
1654802525220397312,50.08358358,14.46599992,250.78228880000003,0.0,44.30555612,12.31847051,12.31847051
1654802526220438016,50.08358358,14.46599992,250.78228880000003,0.0,44.30555612,12.45660723,12.45660723
1654802527220935936,50.08358358,14.46599992,250.78228880000003,0.0,44.30555612,12.55528125,12.55528125
1654802528220665088,50.08358358,14.46599992,250.78228880000003,0.0,44.30555612,12.60812863,12.60812863
1654802529221562368,50.08358358,14.46599992,250.78228880000003,0.0,44.30555612,12.72741564,12.72741564
1654802530220267520,50.08358358,14.46599992,250.78228880000003,0.0,44.30555612,12.81642273,12.81642273
1654802531220373504,50.08358358,14.46599992,250.78228880000003,0.0,44.30555612,12.8981156,12.8981156
1654802532220755712,50.08358358,14.46599992,250.78228880000003,0.0,44.30555612,13.01349091,13.01349091
1654802533214625280,50.08358358,14.46599992,250.78228880000003,0.0,44.30555612,13.31595154,13.31595154
1654802534219153408,50.08358358,14.46599992,250.78228880000003,0.0,44.30555612,13.26016095,13.26016095
1654802535220410368,50.08358358,14.46599992,250.78228880000003,0.0,44.30555612,13.33983771,13.33983771
1654802536219164672,50.08358358,14.46599992,250.78228880000003,0.0,44.30555612,13.55340462,13.55340462
1654802537221165056,50.08358358,14.46599992,250.78228880000003,0.0,44.30555612,13.65795927,13.65795927
1654802538215199232,50.08358358,14.46599992,250.78228880000003,0.0,44.30555612,13.74478616,13.74478616
1654802539220706816,50.08358358,14.46599992,250.78228880000003,0.0,44.30555612,13.82802932,13.82802932
1654802540219981312,50.08358358,14.46599992,250.78228880000003,0.0,44.30555612,13.87902991,13.87902991
1654802541219986688,50.08358358,14.46599992,250.78228880000003,0.0,44.30555612,13.991887,13.991887
1654802542221009408,50.08358358,14.46599992,250.78228880000003,0.0,44.30555612,14.07013573,14.07013573
1654802543221045760,50.08358358,14.46599992,250.78228880000003,0.0,44.30555612,14.12461666,14.12461666
1654802544220846336,50.08358358,14.46599992,250.78228880000003,0.0,44.30555612,14.20707599,14.20707599
1654802545218959104,50.08358358,14.46599992,250.78228880000003,0.0,44.30555612,14.28122679,14.28122679
1654802546219295232,50.08358358,14.46599992,250.78228880000003,0.0,44.30555612,14.32594932,14.32594932
1654802547220247808,50.08358358,14.46599992,250.78228880000003,0.0,44.30555612,14.36313525,14.36313525
1654802548220171008,50.08358358,14.46599992,250.78228880000003,0.0,44.30555612,14.45367523,14.45367523
1654802549221522688,50.08358358,14.46599992,250.78228880000003,0.0,44.30555612,14.4843925,14.4843925
1654802550220106496,50.08358358,14.46599992,250.78228880000003,0.0,44.30555612,14.56060197,14.56060197
1654802551221767424,50.08358358,14.46599992,250.78228880000003,0.0,44.30555612,14.61376645,14.61376645
1654802552220132608,50.08358358,14.46599992,250.78228880000003,0.0,44.30555612,14.6387983,14.6387983
1654802553220964352,50.08358358,14.46599992,250.78228880000003,0.0,44.30555612,14.43439343,14.43439343
1654802554221015808,50.08358358,14.46599992,250.78228880000003,0.0,44.30555612,14.48656033,14.48656033
1654802555221555712,50.08358358,14.46599992,250.78228880000003,0.0,44.30555612,14.57276849,14.57276849
1654802556220908288,50.08358358,14.46599992,250.78228880000003,0.0,44.30555612,14.61702109,14.61702109
1654802557219571456,50.08358358,14.46599992,250.78228880000003,0.0,44.30555612,14.69625044,14.69625044
1654802558220559872,50.08358358,14.46599992,250.78228880000003,0.0,44.30555612,14.86944033,14.86944033
1654802559221050112,50.08358358,14.46599992,250.78228880000003,0.0,44.30555612,14.91781837,14.91781837
1654802560220848896,50.08358358,14.46599992,250.78228880000003,0.0,44.30555612,14.84819487,14.84819487
1654802561221714688,50.08358358,14.46599992,250.78228880000003,0.0,44.30555612,14.91827625,14.91827625
1654802562220998400,50.08358358,14.46599992,250.78228880000003,0.0,44.30555612,15.03786869,15.03786869
1654802563220873728,50.08358358,14.46599992,250.78228880000003,0.0,44.30555612,15.03972475,15.03972475
1654802564221423104,50.08358358,14.46599992,250.78228880000003,0.0,44.30555612,15.08473277,15.08473277
1654802565221042432,50.08358358,14.46599992,250.78228880000003,0.0,44.30555612,15.0640193,15.0640193
1654802566220820992,50.08358358,14.46599992,250.78228880000003,0.0,44.30555612,15.12241306,15.12241306
1654802567221135104,50.08358358,14.46599992,250.78228880000003,0.0,44.30555612,15.17735268,15.17735268
1654802568217467904,50.08358358,14.46599992,250.78228880000003,0.0,44.30555612,15.16188615,15.16188615
1654802569221154048,50.08358358,14.46599992,250.78228880000003,0.0,44.30555612,15.20267967,15.20267967
1654802570219666688,50.08358358,14.46599992,250.78228880000003,0.0,44.30555612,15.23974183,15.23974183
1654802571221144064,50.08358358,14.46599992,250.78228880000003,0.0,44.30555612,15.28619613,15.28619613
1654802572219341312,50.08358358,14.46599992,250.78228880000003,0.0,44.30555612,15.33617037,15.33617037
1654802573220316160,50.08358358,14.46599992,250.78228880000003,0.0,44.30555612,15.39881701,15.39881701
1654802574220379904,50.08358358,14.46599992,250.78228880000003,0.0,44.30555612,15.46558744,15.46558744
1654802575221705728,50.08358358,14.46599992,250.78228880000003,0.0,44.30555612,15.46125692,15.46125692
1654802576221867008,50.08358358,14.46599992,250.78228880000003,0.0,44.30555612,15.48199329,15.48199329
1654802577219703808,50.08358358,14.46599992,250.78228880000003,0.0,44.30555612,15.52424271,15.52424271
1654802578221786624,50.08358358,14.46599992,250.78228880000003,0.0,44.30555612,15.59574892,15.59574892
1654802579222260480,50.08358358,14.46599992,250.78228880000003,0.0,44.30555612,15.72021085,15.72021085
1654802580220545536,50.08358358,14.46599992,250.78228880000003,0.0,44.30555612,15.76119205,15.76119205
1654802581221309952,50.08358358,14.46599992,250.78228880000003,0.0,44.30555612,15.83900974,15.83900974
1654802582219542528,50.08358358,14.46599992,250.78228880000003,0.0,44.30555612,15.8815883,15.8815883
1654802583221577216,50.08358358,14.46599992,250.78228880000003,0.0,44.30555612,15.91406538,15.91406538
1654802584217146880,50.08358358,14.46599992,250.78228880000003,0.0,44.30555612,13.92751114,13.92751114
1654802585222175488,50.08358358,14.46599992,250.78228880000003,0.0,44.30555612,13.93983079,13.93983079
1654802586220886016,50.08358358,14.46599992,250.78228880000003,0.0,44.30555612,13.93915597,13.93915597
1654802587221663744,50.08358358,14.46599992,250.78228880000003,0.0,44.30555612,13.95550656,13.95550656
1654802588220582400,50.08358358,14.46599992,250.78228880000003,0.0,44.30555612,13.96423104,13.96423104
1654802589220655360,50.08358358,14.46599992,250.78228880000003,0.0,44.30555612,13.72244503,13.72244503
1654802590222305280,50.08358358,14.46599992,250.78228880000003,0.0,44.30555612,12.50503507,12.50503507
1654802591222042880,50.08358358,14.46599992,250.78228880000003,0.0,44.30555612,12.57092439,12.57092439
1654802592221159424,50.08358358,14.46599992,250.78228880000003,0.0,44.30555612,12.5965983,12.5965983
1654802593221760768,50.08358358,14.46599992,250.78228880000003,0.0,44.30555612,12.66323664,12.66323664
1654802594220739840,50.08358358,14.46599992,250.78228880000003,0.0,44.30555612,12.71658336,12.71658336
1654802595221800704,50.08359891,14.46595134,250.8570227,0.0,44.30552106,12.74846739,12.74846739
1654802596221569024,50.08360014,14.46594952,250.7611054,0.0,44.30551978,13.07253427,13.07253427
1654802597220374528,50.08360014,14.46594952,250.7611054,0.0,44.30551978,13.07527863,13.07527863
1654802598220236800,50.08360014,14.46594952,250.7611054,0.0,44.30551978,13.18937271,13.18937271
1654802599215638528,50.08360014,14.46594952,250.7611054,0.0,44.30551978,13.23602917,13.23602917
1654802600219853824,50.08360014,14.46594952,250.7611054,0.0,44.30551978,13.3157793,13.3157793
1654802601223361536,50.08360014,14.46594952,250.7611054,0.0,44.30551978,13.39633172,13.39633172
1654802602222799360,50.08360014,14.46594952,250.7611054,0.0,44.30551978,13.4390716,13.4390716
1654802603220248320,50.08360014,14.46594952,250.7611054,0.0,44.30551978,13.52302375,13.52302375
1654802604208114432,50.08360014,14.46594952,250.7611054,0.0,44.30551978,13.60397584,13.60397584
1654802605208135680,50.08360014,14.46594952,250.7611054,0.0,44.30551978,13.67705194,13.67705194
1654802606208156416,50.08360014,14.46594952,250.7611054,0.0,44.30551978,13.68343396,13.68343396
1654802607208177920,50.08360014,14.46594952,250.7611054,0.0,44.30551978,13.76379713,13.76379713
1654802608208198400,50.08360014,14.46594952,250.7611054,0.0,44.30551978,13.81034617,13.81034617
1654802609208219392,50.08360014,14.46594952,250.7611054,0.0,44.30551978,13.8798801,13.8798801
1654802610202425088,50.08360014,14.46594952,250.7611054,0.0,44.30551978,13.9611572,13.9611572
1654802611202436352,50.08360014,14.46594952,250.7611054,0.0,44.30551978,14.17812576,14.17812576
1654802612202414080,50.08359698,14.46597884,250.8205955,0.0,44.30554122,14.3217976,14.3217976
1654802613202421248,50.08359719,14.46597639,251.0535735,0.0,44.30553943,14.90279546,14.90279546
1654802614202395648,50.08359887,14.46597875,251.35245890000002,0.0,44.30554124,16.02927447,16.02927447
1654802614270838528,50.08355693,14.46583789,252.04927830000003,-1.0,-1.0,106.33333329999999,106.33333329999999
1654802614270838528,50.08355512,14.46583435,252.04927830000003,-1.0,-1.0,106.33333329999999,106.33333329999999
1654802614778791424,50.0835498,14.46589689,251.40745159999997,-1.0,-1.0,35.0,35.0
1654802620796349184,50.08354283,14.4658437,251.1843796,-1.0,-1.0,106.33333329999999,106.33333329999999
1654802621665406464,50.08341375,14.46579987,251.10050959999998,-1.0,-1.0,35.0,35.0
1654802627686494720,50.08346258,14.46578365,251.03481290000002,-1.0,-1.0,91.30740055,91.30740055
1654802628565547520,50.0835452,14.46594135,251.00701519999998,-1.0,-1.0,35.0,35.0
1654802632446146560,50.08354995,14.46590892,250.9861946,-1.0,-1.0,35.0,35.0
1654802638478571520,50.08356541,14.46586624,250.9709702,-1.0,-1.0,60.95400986,60.95400986
1654802638988436480,50.08349171,14.46581888,250.96549219999997,-1.0,-1.0,35.0,35.0
1654802645091178496,50.08351551,14.4657932,250.9603653,-1.0,-1.0,61.34760132,61.34760132
1654802645614819328,50.08350416,14.46586426,250.95757290000003,-1.0,-1.0,35.0,35.0
1654802651648112384,50.08352933,14.46583927,250.9549637,-1.0,-1.0,60.72194165,60.72194165
1654802652085824512,50.08351973,14.46580435,250.95514300000002,-1.0,-1.0,35.0,35.0
1654802653596058368,50.08354438,14.46588486,250.9557266,-1.0,-1.0,35.0,35.0
1654802655889064192,50.08355998,14.46593525,250.9562759,-1.0,-1.0,35.0,35.0
1654802659612645376,50.08357441,14.46593787,250.9568253,-1.0,-1.0,44.2509375,44.2509375
1654802660113019392,50.08355016,14.4658688,250.95530699999998,-1.0,-1.0,35.0,35.0
1654802661681163264,50.08360016,14.46589562,251.03855130000002,-1.0,-1.0,35.0,35.0
1654802667689816576,50.08361969,14.46589994,251.1258011,-1.0,-1.0,55.17623174,55.17623174
1654802668184633600,50.08355897,14.46585659,251.08467480000002,-1.0,-1.0,35.0,35.0
1654802674283914240,50.08357453,14.46585776,251.04575350000002,-1.0,-1.0,54.91949471,54.91949471
1654802674818221312,50.08356358,14.4659298,251.0296249,-1.0,-1.0,35.0,35.0
1654802677434473216,50.08358837,14.46597324,251.01824190000002,-1.0,-1.0,35.0,35.0
1654802683464925184,50.08359974,14.46596515,251.0086899,-1.0,-1.0,52.74246042,52.74246042
1654802683849938432,50.08355118,14.46586371,250.993721,-1.0,-1.0,35.0,35.0
1654802689877041408,50.0835619,14.46585838,250.9797897,-1.0,-1.0,52.91460632,52.91460632
1654802690402159616,50.08344874,14.46581305,250.9722557,-1.0,-1.0,35.0,35.0
1654802696409594368,50.08347365,14.46581308,250.96491239999997,-1.0,-1.0,52.95609335,52.95609335
1654802697286602496,50.08352615,14.46586923,250.96220019999998,-1.0,-1.0,35.0,35.0
1654802703304863488,50.0835468,14.46586376,250.95986180000003,-1.0,-1.0,53.12640524,53.12640524
1654802703825244416,50.08360893,14.4659975,250.9574509,-1.0,-1.0,35.0,35.0
1654802707545059328,50.0836286,14.46602954,250.95574190000002,-1.0,-1.0,35.0,35.0
1654802716962619392,50.08323221,14.46620967,231.008873,-1.0,-1.0,125.9231396,125.9231396
1654802717962639360,50.08325078,14.46622275,230.97615809999996,-1.0,-1.0,129.3831049,129.3831049
1654802718962659328,50.08326779,14.46623473,230.9434433,-1.0,-1.0,133.2906553,133.2906553
1654802719962678272,50.08328359,14.46624571,230.91066740000002,-1.0,-1.0,137.6577462,137.6577462
1654802729981602304,50.08352522,14.46587402,232.10211940000002,-1.0,-1.0,106.33333329999999,106.33333329999999
1654802730526999552,50.08354598,14.46588423,249.3809319,-1.0,-1.0,35.0,35.0
1654802730979355648,50.08360677,14.46572538,249.62279449999997,2.05534415,332.0861583,43.04628195,43.04628195
1654802731981655040,50.08355432,14.46580077,250.11594759999997,0.0,347.19375510000003,28.3560967,28.3560967
1654802732962934528,50.08352919,14.4658498,250.5045234,0.0,347.19379310000005,29.47525582,29.47525582
1654802733962952960,50.08354506,14.46586905,250.37948030000004,0.0,347.1938081,29.74513198,29.74513198
1654802734962972928,50.08352561,14.46589918,250.5291068,0.0,347.1938315,27.25746006,27.25746006
1654802735962992384,50.0834752,14.46593193,250.38785919999998,0.0,347.19385669999997,25.65938448,25.65938448
1654802736963012608,50.08347873,14.46592918,250.475619,0.0,347.1938546,27.69035284,27.69035284
1654802737963031296,50.08347915,14.46592741,250.3836212,0.0,347.1938532,30.31715984,30.31715984
1654802738963051776,50.08347834,14.46592651,250.39785330000004,0.0,347.1938525,33.89964161,33.89964161
1654802739963070976,50.08348592,14.46592361,250.38115249999998,0.0,347.1938503,36.84759047,36.84759047
1654802740963090944,50.08349129,14.46591543,250.54411869999998,0.0,347.193844,41.35213759,41.35213759
1654802741963109632,50.0834964,14.46591658,250.39118599999998,0.0,347.19384489999993,45.91571545,45.91571545
1654802742963130112,50.08350297,14.46592334,250.2234242,0.0,347.1938502,51.00239382,51.00239382
1654802743963149568,50.08350897,14.46592887,250.10334500000002,0.0,347.1938545,56.21436641,56.21436641
1654802744982499840,50.08351787,14.46592804,250.46702140000002,0.0,347.19385389999997,61.83870481,61.83870481
1654802745982192896,50.08352523,14.46592403,250.41955240000001,0.0,347.1938508,68.23191055,68.23191055
1654802746977335040,50.08352494,14.46591678,250.66840299999998,0.0,347.1938452,71.42248254,71.42248254
1654802753681624320,50.08357584,14.46583638,250.48059750000002,0.0,347.1937828,71.66266471,71.66266471
1654802754570585600,50.08358663,14.46588203,251.65126419999999,-1.0,-1.0,35.0,35.0
1654802759669502464,50.0835834,14.46588251,251.2947617,-1.0,-1.0,46.05695962,46.05695962
1654802765674031616,50.08357623,14.46587518,251.1291733,-1.0,-1.0,58.98475258,58.98475258
1654802766206897408,50.08355733,14.46584787,251.068924,-1.0,-1.0,42.0,42.0
1654802768386673664,50.08353006,14.46589433,251.03018569999998,-1.0,-1.0,35.0,35.0
1654802774463114496,50.08352641,14.46589162,250.99649810000003,-1.0,-1.0,51.85926094,51.85926094
1654802775023675392,50.08356686,14.46624545,320.8319934,1.7999999519999998,156.44532019999997,42.05670598,42.05670598
1654802776023692032,50.08355584,14.46625616,320.9394153,1.7999999519999998,156.09375780000002,46.43714383,46.43714383
1654802777023662336,50.08354333,14.46626568,320.8754504,1.7200000290000002,156.0937575,47.7460291,47.7460291
1654802778023684608,50.08352967,14.46627557,320.85121949999996,1.7200000290000002,156.0937575,49.15913103,49.15913103
1654802779023661312,50.0835158,14.46628538,320.8269275,1.7200000290000002,156.0937575,50.74991456,50.74991456
1654802780023682304,50.08350189,14.46629518,320.8026355,1.7200000290000002,156.0937575,52.53619371,52.53619371
1654802781035601920,50.08348772,14.46630511,320.7783435,1.7200000290000002,156.09375759999998,54.52814107,54.52814107
1654802793034639616,50.08341285,14.46620121,267.03829190000005,-1.0,-1.0,80.14971356,80.14971356
1654802793417578752,50.08361685,14.46596813,259.8875923,-1.0,-1.0,35.0,35.0
1654802797043492096,50.08366788,14.46589736,250.36602510000003,1.9317429769999999,4.164633765,39.90191088,39.90191088
1654802798045328896,50.08367304,14.46589793,250.6172649,1.9301910830000002,-1.0,44.63639003,44.63639003
1654802799023960320,50.08361736,14.46581633,250.7511817,1.1104956320000001,-1.0,44.68576359,44.68576359
1654802800023979776,50.08353194,14.46581274,250.7956807,0.0,3.7710317460000002,42.92948641,42.92948641
1654802801023998976,50.08353675,14.46582417,250.6168472,0.0,3.7710406589999996,47.80917729,47.80917729
1654802802024019456,50.0835494,14.46579182,250.773834,0.0,3.771015405,50.42931504,50.42931504
1654802803024037888,50.08355953,14.46588841,250.5259156,0.0,3.77109074,43.60767072,43.60767072
1654802804024057088,50.08340815,14.46604958,250.66508109999998,0.0,3.771216663,19.28910834,19.28910834
1654802805024076800,50.0834187,14.46599993,250.5494605,0.0,3.7711779169999997,19.484071,19.484071
1654802806024096512,50.08342085,14.46600043,250.45483900000002,0.0,3.7711783089999997,20.90698025,20.90698025
1654802807024115712,50.08342705,14.46600058,250.4273478,0.0,3.771178414,23.33504228,23.33504228
1654802808024135936,50.08343284,14.46600312,250.3222989,0.0,3.771180385,26.1970558,26.1970558
1654802809024154880,50.08344151,14.46600344,250.34014989999997,0.0,3.771180629,29.11425079,29.11425079
1654802810024175104,50.08345006,14.46599878,250.452144,0.0,3.771176978,32.95097495,32.95097495
1654802811024194048,50.08345665,14.46599478,250.39355580000003,0.0,3.771173853,37.30543374,37.30543374
1654802812024214528,50.08346449,14.46600096,250.24740719999997,0.0,3.771178659,41.86106086,41.86106086
1654802813024232960,50.08347178,14.46601351,250.5110784,0.0,3.771188439,46.93890391,46.93890391
1654802814039844352,50.08347833,14.46601781,250.5202094,0.0,3.7711917839999995,50.3835047,50.3835047
1654802827035721472,50.08351064,14.46593721,251.3351517,-1.0,-1.0,92.53924589,92.53924589
1654802827410073600,50.08352942,14.46589039,251.20578769999997,-1.0,-1.0,92.56568743,92.56568743
1654802831037284096,50.08358732,14.46569903,250.6915813,0.0,3.770942979,58.42103051,58.42103051
1654802832045763584,50.08341625,14.46567836,250.68215980000002,0.0,3.770927085,53.40199685,53.40199685
1654802833024627200,50.08337746,14.46566966,250.61287480000001,0.0,3.770920346,53.32490886,53.32490886
1654802834024646912,50.08354084,14.46589325,250.1554162,1.7772582369999999,7.827521633,19.17973568,19.17973568
1654802835024666880,50.08355262,14.46591624,250.4328801,1.600633059,7.998119588,20.73915776,20.73915776
1654802836024687360,50.08355445,14.46598421,250.6214628,0.0,18.46881832,21.83383051,21.83383051
1654802837024706304,50.08353199,14.46596417,250.4951143,0.0,18.46880306,16.35109209,16.35109209
1654802838024726528,50.08351896,14.4659765,250.54654240000002,0.0,18.46881226,16.80758609,16.80758609
1654802839024745472,50.0835204,14.46597658,250.5334168,0.0,18.46881233,18.1527687,18.1527687
1654802840024765952,50.08352331,14.4659785,250.6216645,0.0,18.4688138,20.24227853,20.24227853
1654802841024784896,50.0835261,14.46598325,250.63421040000003,0.0,18.4688174,22.79160073,22.79160073
1654802842024805120,50.08353311,14.46598548,250.6090338,0.0,18.46881913,25.51279229,25.51279229
1654802843024825600,50.08354045,14.46598228,250.31551389999998,0.0,18.46881677,29.4730869,29.4730869
1654802844024845568,50.08354412,14.46598062,250.46715130000004,0.0,18.46881554,33.51205817,33.51205817
1654802845024864000,50.08354609,14.46598307,250.67898050000002,0.0,18.4688174,38.00109512,38.00109512
1654802846024883456,50.08355021,14.46599266,250.57239130000002,0.0,18.46882466,42.47613834,42.47613834
1654802847039664896,50.08355415,14.46600933,250.8510048,0.0,18.46883725,47.92731171,47.92731171
1654802848038534144,50.08356065,14.46601065,250.70060890000002,0.0,18.46883829,53.50783743,53.50783743
1654802849038539264,50.08356493,14.46600861,250.68576890000003,0.0,18.46883678,56.71312322,56.71312322
1654802861043663616,50.08355996,14.46593257,251.4389114,-1.0,-1.0,91.92036264,91.92036264
1654802861578552576,50.08359859,14.46598427,251.27820209999996,-1.0,-1.0,35.0,35.0
1654802863044147200,50.08359646,14.46596276,250.4975797,0.0,18.46880243,32.32949225,32.32949225
1654802864044335104,50.0836947,14.46596642,250.66518030000003,2.189808428,6.039806135,29.84241523,29.84241523
1654802865039241216,50.08361821,14.46592879,250.6852805,0.0,6.609449656000001,30.19478186,30.19478186
1654802866025277952,50.08367139,14.46595993,250.74945899999997,0.0,8.76635776,32.44058132,32.44058132
1654802867025298688,50.08366835,14.46591253,250.8275545,0.0,8.766321731,33.41582956,33.41582956
1654802868025317632,50.08367431,14.46586864,250.8743037,0.0,8.766288386,35.9432871,35.9432871
1654802869025337600,50.08370839,14.46585401,250.70554810000002,0.0,8.76627732,37.13758034,37.13758034
1654802870025357568,50.08360307,14.46596143,250.88410389999999,0.0,8.766358783,34.17401574,34.17401574
1654802871025377024,50.08358322,14.46597407,250.809325,0.0,8.766368357000001,29.76109828,29.76109828
1654802872025397248,50.08357861,14.46598003,250.79855940000002,0.0,8.766372876,32.3989125,32.3989125
1654802873025416192,50.08357872,14.46598319,250.70735299999998,0.0,8.766375281,35.35209334,35.35209334
1654802874025436416,50.08357881,14.46598511,250.7456412,0.0,8.766376735,38.85253367,38.85253367
1654802875025455616,50.08358313,14.46598762,250.7507904,0.0,8.766378654,42.77820204,42.77820204
1654802876025476608,50.08358542,14.46598936,250.8729963,0.0,8.766379976,47.10810533,47.10810533
1654802877039138816,50.08358806,14.46598601,250.8171885,0.0,8.766377439,51.92297881,51.92297881
1654802878039541504,50.08359172,14.46598843,250.93354879999998,0.0,8.766379284,57.00209923,57.00209923
1654802879039011584,50.0835762,14.46598335,250.7743557,0.0,8.766375393999999,47.59959043,47.59959043
1654802880038767872,50.08349679,14.46592183,250.7363832,0.0,8.766328505,29.71212632,29.71212632
1654802881040437760,50.08350011,14.46592796,250.70050780000003,0.0,8.76633317,31.61437809,31.61437809
1654802905026048768,50.08349968,14.46591933,251.4757233,0.026486757200000002,-1.0,200.0,200.0
1654802906026068736,50.0835044,14.4659244,252.2274628,0.02506083454,-1.0,200.0,200.0
1654802907026087936,50.08351197,14.46593507,252.97094730000003,0.022745887319999998,-1.0,200.0,200.0
1654802908026108416,50.08352095,14.46594692,253.71133419999998,0.02052189448,-1.0,200.0,200.0
1654802909026127616,50.08353072,14.46595876,254.45050049999998,0.01880631662,-1.0,200.0,200.0
1654802910026148096,50.08354095,14.46597009,255.19813540000004,0.017874532630000002,-1.0,200.0,200.0
1654802911023154432,50.08355142,14.46598071,255.6319733,0.01784966725,-1.0,200.0,200.0
1654802918023201536,50.08358099,14.46593478,255.98081969999998,0.09127313372000001,-1.0,200.0,200.0
1654802919023181824,50.08360659,14.46589801,256.3421326,0.09956666142000001,-1.0,200.0,200.0
1654802920023214592,50.08362928,14.46586795,256.51086430000004,0.1063332921,-1.0,200.0,200.0
1654802927043673088,50.08356109,14.46588522,250.80120840000004,0.0,23.41071149,39.38661411,39.38661411
1654802928037232896,50.08356679,14.4658984,250.7951613,0.0,23.41072169,44.59685594,44.59685594
1654802929043526912,50.08354002,14.46588283,250.8415494,0.0,23.41070978,47.10630103,47.10630103
1654802930044156416,50.08354859,14.46587285,250.7046806,0.0,23.41070196,52.68154399,52.68154399
1654802931043751936,50.08355388,14.46586296,250.76608530000001,0.0,23.41069423,58.99481616,58.99481616
1654802932037293824,50.08355043,14.46586791,250.7517974,0.0,23.4106981,64.464169,64.464169
1654802933043493376,50.08354475,14.46588696,250.626133,0.0,23.41071296,71.74001392,71.74001392
1654802934044412928,50.08354698,14.46590394,250.6258114,0.0,23.41072614,77.90303444,77.90303444
1654802935043770112,50.0835477,14.46591729,250.55146659999997,0.0,23.41073652,85.82327728,85.82327728
1654802936042594304,50.08354932,14.46591817,250.5428642,0.0,23.41073719,93.63139889,93.63139889
1654802937043975680,50.08355692,14.4658697,250.79696189999999,0.0,23.41069945,34.98552863,34.98552863
1654802938041948928,50.08355844,14.46587175,250.6735395,0.0,23.41070103,36.40677174,36.40677174
1654802947044044288,50.08360142,14.46592115,250.664336,0.0,23.41073914,76.15261766,76.15261766
1654802948044541440,50.08360967,14.46591554,250.67438450000003,0.0,23.41073471,85.17633773,85.17633773
1654802949044342784,50.08358332,14.46587222,250.66366349999998,0.0,23.41070122,67.32993761,67.32993761
1654802950045551360,50.08355947,14.4658833,250.6557185,0.0,23.41071001,33.50895443,33.50895443
1654802951038920192,50.08354582,14.46587082,250.6491426,0.0,23.4107004,32.77757349,32.77757349
1654802952046109696,50.08355044,14.46585388,250.85843050000003,0.0,23.4106872,35.09708908,35.09708908
1654802953041371904,50.08354824,14.46584791,250.7728775,0.0,23.41068257,37.76213138,37.76213138
1654802954044278528,50.08358067,14.46585923,250.84352400000003,0.0,23.41069114,40.01349774,40.01349774
1654802955044359424,50.08358208,14.46586424,250.8319684,0.0,23.41069502,43.80592062,43.80592062
1654802955278741504,50.08354168,14.46582982,250.4679149,0.0,23.41066855,26.12987455,26.12987455
1654802956167135488,50.08354463,14.46585726,251.55549240000002,-1.0,-1.0,35.0,35.0
1654802968339543552,50.08357235,14.46594615,251.500927,-1.0,-1.0,35.0,35.0
1654802983361167616,50.08357918,14.46596803,251.4572716,-1.0,-1.0,35.0,35.0
1654802985538397696,50.08357931,14.46597094,251.4215088,-1.0,-1.0,35.00001354,35.00001354
1654803000604689664,50.08357938,14.46597259,251.39166260000002,-1.0,-1.0,35.00066044,35.00066044
1654803015676652800,50.08357942,14.46597353,251.3663788,-1.0,-1.0,35.00130781,35.00130781
1654803030683155456,50.08357945,14.46597406,251.344696,-1.0,-1.0,35.00194955,35.00194955
1654803045751394560,50.08357946,14.46597436,251.32588199999998,-1.0,-1.0,35.00259656,35.00259656
1654803060836165632,50.08357947,14.46597453,251.30941769999995,-1.0,-1.0,35.00324497,35.00324497
1654803075847244544,50.08357947,14.46597462,251.29487609999998,-1.0,-1.0,35.00388704,35.00388704
1654803090855737600,50.08357948,14.46597468,251.2819519,-1.0,-1.0,35.00452887,35.00452887
1654803105954763776,50.08357948,14.46597471,251.2703857,-1.0,-1.0,35.00517844,35.00517844
1654803108394425344,50.0835767,14.46595941,251.27051540000002,-1.0,-1.0,36.67480752,36.67480752
1654803108394425344,50.08357421,14.46594574,251.27051540000002,-1.0,-1.0,36.67480752,36.67480752
1654803109278600448,50.08359538,14.46599114,251.2378654,-1.0,-1.0,35.0,35.0
1654803115364891392,50.08358137,14.46592876,251.13986969999996,-1.0,-1.0,93.09818706,93.09818706
1654803116063366400,50.08356988,14.46588294,251.087204,-1.0,-1.0,35.0,35.0
1654803122080980224,50.08355563,14.4658277,251.032341,-1.0,-1.0,82.79634894,82.79634894
1654803122534115328,50.08354887,14.46587915,251.00746919999997,-1.0,-1.0,35.0,35.0
1654803128597725440,50.08354136,14.46583088,250.98392489999998,-1.0,-1.0,72.08189716,72.08189716
1654803129135369216,50.08354909,14.46590299,250.97619249999997,-1.0,-1.0,35.0,35.0
1654803135148397312,50.08354502,14.46585452,250.9691849,-1.0,-1.0,66.3617109,66.3617109
1654803135530954496,50.08353749,14.46584244,250.96381,-1.0,-1.0,35.0,35.0
1654803141633895424,50.08353826,14.46580802,250.9587173,-1.0,-1.0,64.38439654,64.38439654
1654803142111664384,50.08354479,14.46582563,250.9565735,-1.0,-1.0,42.0,42.0
1654803143860021504,50.08356917,14.46594411,250.95523070000002,-1.0,-1.0,40.0,40.0
1654803149948379392,50.08357124,14.46592507,250.9542923,-1.0,-1.0,65.31938462,65.31938462
1654803150463970304,50.08357582,14.46597572,250.9541512,-1.0,-1.0,35.0,35.0
1654803156528141568,50.08357323,14.46593636,250.9542618,-1.0,-1.0,61.71399544,61.71399544
1654803157022275328,50.0835077,14.46587018,250.9546738,-1.0,-1.0,35.0,35.0
1654803163043160320,50.0835161,14.46583825,250.9549179,-1.0,-1.0,61.06522657,61.06522657
1654803163564690688,50.08354765,14.4659094,250.95409390000003,-1.0,-1.0,35.0,35.0
1654803169653414400,50.08355363,14.46587137,250.9534531,-1.0,-1.0,61.36651403,61.36651403
1654803170354461440,50.08356638,14.46594595,250.95313259999998,-1.0,-1.0,35.0,35.0
1654803176386457344,50.08356783,14.46589872,250.95302579999998,-1.0,-1.0,60.89720254,60.89720254
1654803176903642368,50.0835654,14.4659164,250.9525528,-1.0,-1.0,35.0,35.0
1654803182913829120,50.08356425,14.46586854,250.95226290000002,-1.0,-1.0,60.68797166,60.68797166
1654803183436478976,50.08357402,14.46586428,250.95390319999996,-1.0,-1.0,35.0,35.0
1654803189531091968,50.08356919,14.46582551,250.955513,-1.0,-1.0,61.24109347,61.24109347
1654803190033374976,50.08355045,14.46587139,250.95542909999998,-1.0,-1.0,35.0,35.0
1654803196085037056,50.0835482,14.46583673,250.9553909,-1.0,-1.0,60.89277961,60.89277961
1654803196616596992,50.08353884,14.46583485,250.9555931,-1.0,-1.0,35.0,35.0
1654803202702537984,50.0835402,14.46581064,250.95574190000002,-1.0,-1.0,61.12285931,61.12285931
1654803203221980928,50.0835504,14.46585337,250.95579530000003,-1.0,-1.0,35.0,35.0
1654803208158042112,50.08355141,14.46583497,250.9558792,-1.0,-1.0,53.55876303,53.55876303
1654803213566307072,50.08355256,14.46582101,250.95365139999998,-1.0,-1.0,69.77603155,69.77603155
1654803214036305920,50.08355101,14.46589937,250.9559288,-1.0,-1.0,35.0,35.0
1654803220058668032,50.08355227,14.4658721,250.95810699999998,-1.0,-1.0,61.33892894,61.33892894
1654803220524087040,50.08355409,14.46591554,250.95668790000002,-1.0,-1.0,35.0,35.0
1654803226528293120,50.08355475,14.46588038,250.95548250000002,-1.0,-1.0,60.9168328,60.9168328
1654803227029537024,50.08355448,14.4659067,250.9544754,-1.0,-1.0,35.0,35.0
1654803232941144064,50.08351529,14.46583433,251.0329208,-1.0,-1.0,95.37650042,95.37650042
1654803233457116928,50.08354917,14.46587921,251.04928590000003,-1.0,-1.0,35.0,35.0
1654803239514529024,50.08354837,14.46583202,251.0641403,-1.0,-1.0,106.33333329999999,106.33333329999999
1654803240391238912,50.08354162,14.46585347,251.0710526,-1.0,-1.0,35.0,35.0
1654803246399704064,50.08354773,14.46582413,251.077095,-1.0,-1.0,106.33333329999999,106.33333329999999
1654803247277308928,50.08334647,14.46575704,251.1263046,-1.0,-1.0,35.0,35.0
1654803253366836992,50.08345749,14.46578526,251.0506821,-1.0,-1.0,106.33333329999999,106.33333329999999
1654803253835078912,50.08372556,14.46588017,251.0393219,-1.0,-1.0,35.0,35.0
1654803259858072064,50.08371067,14.46587507,251.0295639,-1.0,-1.0,97.57339076,97.57339076
1654803260376505088,50.08370053,14.46593582,251.0107307,-1.0,-1.0,35.0,35.0
1654803265328001024,50.08358684,14.46589821,250.99491880000002,-1.0,-1.0,35.0,35.0
1654803271335943936,50.08350808,14.46586007,250.98409269999996,-1.0,-1.0,56.61320897,56.61320897
1654803271847627008,50.08352403,14.46583351,250.97932819999997,-1.0,-1.0,35.0,35.0
1654803277885185024,50.08347169,14.46580697,250.97509,-1.0,-1.0,55.48489916,55.48489916
1654803278332624896,50.08343909,14.46580564,250.9734688,-1.0,-1.0,35.0,35.0
1654803284437011968,50.08341867,14.46579012,250.96858980000002,-1.0,-1.0,55.02699666,55.02699666
1654803284954249984,50.08351281,14.46587015,250.9667168,-1.0,-1.0,35.0,35.0
1654803290973886976,50.08350059,14.46585115,250.9602127,-1.0,-1.0,54.05421092,54.05421092
1654803291427976960,50.08355202,14.46591088,250.957962,-1.0,-1.0,35.0,35.0
1654803296348697088,50.08356317,14.46590311,250.9559975,-1.0,-1.0,40.0,40.0
1654803297856527104,50.08349513,14.46593709,250.54308959999997,0.0,164.1796642,38.41564041,38.41564041
1654803298856557056,50.08335741,14.46597601,250.49324959999998,0.0,164.17969399999998,20.51147896,20.51147896
1654803299856587008,50.08335167,14.46598133,250.3686682,0.0,164.1796981,21.37851953,21.37851953
1654803300856615936,50.08334649,14.46598484,250.289865,0.0,164.1797008,22.82875815,22.82875815
1654803301856645888,50.0833398,14.46598817,250.1456337,0.0,164.1797033,25.01490885,25.01490885
1654803302856677120,50.08333749,14.46598871,250.30596260000002,0.0,164.17970380000003,27.81657023,27.81657023
1654803303856707072,50.08333473,14.46599241,250.2425514,0.0,164.17970659999997,30.89460183,30.89460183
1654803304851491072,50.08332874,14.46599347,250.07053990000003,0.0,164.1797074,35.34642501,35.34642501
1654803305872280064,50.08332584,14.46599463,250.09124219999998,0.0,164.17970830000002,37.57599841,37.57599841
1654803327874044928,50.08331778,14.46630986,250.22078480000002,0.0,164.1799505,70.27896447,70.27896447
1654803328852858112,50.08326038,14.46607123,250.14051040000004,0.0,164.1797671,54.37735532,54.37735532
1654803329852936960,50.08326928,14.46597079,250.05812169999996,0.0,164.1796899,40.28685394,40.28685394
1654803330853012992,50.08329382,14.46595821,249.920008,0.0,164.1796803,37.0666566,37.0666566
1654803331853088000,50.08328838,14.46596061,249.8672162,0.0,164.1796821,38.08099501,38.08099501
1654803332853157888,50.08328262,14.4659637,249.8966756,0.0,164.1796845,39.53878635,39.53878635
1654803333853225984,50.08327544,14.46596659,249.9237663,0.0,164.1796867,41.55120114,41.55120114
1654803334853289984,50.08326996,14.46596521,249.9557812,0.0,164.1796857,44.30855403,44.30855403
1654803335853353984,50.08326081,14.46596618,249.95922760000002,0.0,164.1796864,47.40426691,47.40426691
1654803336871991808,50.0832495,14.46597385,249.89369810000002,0.0,164.17969230000003,51.05542293,51.05542293
1654803337874652928,50.08323857,14.46598817,249.7989141,0.0,164.1797033,55.22270004,55.22270004
1654803349868937984,50.08336632,14.46592429,250.96100619999999,-1.0,-1.0,87.89045324,87.89045324
1654803350324784896,50.08352793,14.46589627,250.95759959999998,-1.0,-1.0,35.0,35.0
1654803350871830016,50.08354739,14.46591247,249.7337781,0.0,164.17964530000003,28.39507827,28.39507827
1654803351871126016,50.08354414,14.46591445,250.13390249999998,0.0,164.1796468,32.0587768,32.0587768
1654803352872105984,50.08354052,14.46591102,250.30012659999997,0.0,164.17964419999998,36.61484163,36.61484163
1654803353872999936,50.08353897,14.46590317,250.3913273,0.0,164.1796382,41.26969042,41.26969042
1654803354871931904,50.08353721,14.46589819,250.465075,0.0,164.1796343,47.20555969,47.20555969
1654803355872788992,50.08348992,14.46559071,250.5470506,1.630132427,242.72577900000002,44.50729545,44.50729545
1654803356873316096,50.08335916,14.46567513,250.46303930000002,2.386894666,189.768205,46.59383151,46.59383151
1654803357854393088,50.08329048,14.46570328,250.41835989999998,2.94114033,180.6886429,47.65939233,47.65939233
1654803358854430976,50.08330614,14.46581138,250.285202,2.623632686,166.31731519999997,47.8334966,47.8334966
1654803359854468096,50.08305039,14.46574577,250.3658617,4.178520423,172.6244642,40.05183212,40.05183212
1654803360854504960,50.08326453,14.46577604,250.0924143,2.073871065,164.39522780000001,35.14401946,35.14401946
1654803361854539776,50.08324636,14.46578581,249.78492680000002,2.093537844,163.4061064,37.60755426,37.60755426
1654803362854575872,50.08322769,14.46579594,249.9057765,2.004967985,162.4463418,40.32050765,40.32050765
1654803363854611968,50.08321083,14.46580405,249.93477850000002,2.018143878,162.3916517,42.90407139,42.90407139
1654803364854647040,50.08320005,14.46580891,250.10827310000002,2.101200241,162.17408600000002,46.13891295,46.13891295
1654803365871772928,50.08324847,14.46589484,249.8944035,1.917868946,122.3607505,39.79402028,39.79402028
1654803366872482048,50.08324503,14.46591759,249.6551603,1.818902695,120.7184717,41.51528732,41.51528732
1654803367872729088,50.08323837,14.46593767,249.52845750000003,1.770895294,120.7669736,42.21770392,42.21770392
1654803381866062848,50.08321335,14.46627794,249.87408430000002,1.790742181,101.49727299999999,50.81360482,50.81360482
1654803382872790016,50.08318659,14.46628163,249.7191625,1.766572808,109.3972188,50.43617697,50.43617697
1654803383855271936,50.08316715,14.46630717,250.0417236,1.80705781,111.134801,51.11341406,51.11341406
1654803384855302912,50.08345071,14.46627854,250.0508001,1.716155135,80.21868749,47.64932632,47.64932632
1654803385855333888,50.08331862,14.46608636,249.9229693,0.545094386,109.9903013,42.1809653,42.1809653
1654803386855365120,50.08342966,14.46592826,249.8264,0.0,102.81252629999999,17.72014831,17.72014831
1654803387855396096,50.08337818,14.4659155,250.09545380000003,0.0,102.8125318,14.75631631,14.75631631
1654803388855428096,50.08337664,14.46591636,249.94649180000002,0.0,102.8125328,15.34179317,15.34179317
1654803389855459072,50.08337739,14.46591891,250.00987880000002,0.0,102.8125344,16.33072735,16.33072735
1654803390855490048,50.08337722,14.46592301,249.92005780000002,0.0,102.8125375,17.63901297,17.63901297
1654803391855520000,50.08337877,14.46592258,249.9968892,0.0,102.81253670000001,19.93712718,19.93712718
1654803392855552000,50.08338058,14.46592489,249.93766519999997,0.0,102.81253790000001,22.59702095,22.59702095
1654803393871930880,50.08338035,14.46593155,249.8503619,0.0,102.81254279999999,25.45600338,25.45600338
1654803404231097088,50.08347268,14.46589783,250.9800034,-1.0,-1.0,106.33333329999999,106.33333329999999
1654803404231097088,50.08351299,14.46586432,250.9709244,-1.0,-1.0,106.33333329999999,106.33333329999999
1654803405116654080,50.0836371,14.4660756,250.97122960000002,-1.0,-1.0,35.0,35.0
1654803411134078976,50.08363761,14.4660185,250.9721603,-1.0,-1.0,52.3165442,52.3165442
1654803411669179904,50.08352216,14.46591095,250.9707031,-1.0,-1.0,35.0,35.0
1654803417676421120,50.08353045,14.46586365,250.96915440000004,-1.0,-1.0,52.61269208,52.61269208
1654803418128557056,50.08354695,14.4658631,250.96725460000002,-1.0,-1.0,35.0,35.0
1654803424210230016,50.08355312,14.46582455,250.96550750000003,-1.0,-1.0,53.19093441,53.19093441
1654803424727528960,50.08353706,14.46582253,250.9647903,-1.0,-1.0,35.0,35.0
1654803430767008000,50.08354411,14.46579612,250.96407319999997,-1.0,-1.0,53.10798042,53.10798042
1654803431214753024,50.08353805,14.46582474,250.96434019999998,-1.0,-1.0,35.0,35.0
1654803437320241920,50.08354539,14.46580516,250.9596329,-1.0,-1.0,53.51857777,53.51857777
1654803437809043968,50.08354047,14.46582843,250.9571991,-1.0,-1.0,35.0,35.0
1654803443891313920,50.08354756,14.46581386,250.9549332,-1.0,-1.0,53.44295399,53.44295399
1654803444407343104,50.08353596,14.46581978,250.9552994,-1.0,-1.0,35.0,35.0
1654803450427052032,50.08354365,14.46581061,250.955574,-1.0,-1.0,53.16292868,53.16292868
1654803450804536064,50.08353165,14.46581631,250.9553452,-1.0,-1.0,35.0,35.0
1654803456907832064,50.08354132,14.46581231,250.9550705,-1.0,-1.0,60.90291957,60.90291957
1654803457423408128,50.08353232,14.46582163,250.954567,-1.0,-1.0,35.0,35.0
1654803463492058112,50.08354655,14.46582538,250.9540482,-1.0,-1.0,106.33333329999999,106.33333329999999
1654803464024510976,50.08355376,14.46590821,250.95366669999999,-1.0,-1.0,35.0,35.0
1654803470060303104,50.08355942,14.46586898,250.9534378,-1.0,-1.0,106.33333329999999,106.33333329999999
1654803470507744000,50.08353454,14.46583336,250.95627209999998,-1.0,-1.0,35.0,35.0
1654803476513565952,50.08354587,14.46581341,250.9588394,-1.0,-1.0,106.33333329999999,106.33333329999999
1654803476889616896,50.08354539,14.46588018,250.95738219999998,-1.0,-1.0,35.0,35.0
1654803482961470976,50.08355441,14.46585074,250.95604709999998,-1.0,-1.0,81.50969705,81.50969705
1654803483409146112,50.08353652,14.46582909,250.95550919999997,-1.0,-1.0,35.0,35.0
1654803489474354944,50.08354677,14.4658116,250.9549484,-1.0,-1.0,68.75399753,68.75399753
1654803490008768000,50.08355205,14.46585555,250.95469669999997,-1.0,-1.0,35.0,35.0
1654803496062625024,50.08355897,14.46583786,250.9545059,-1.0,-1.0,62.30121519,62.30121519
1654803496747577088,50.0835465,14.46587219,250.9575233,-1.0,-1.0,35.0,35.0
1654803502787277056,50.08355261,14.46585258,250.96027369999996,-1.0,-1.0,58.65282127,58.65282127
1654803503470845952,50.08354853,14.46587468,250.95791239999997,-1.0,-1.0,35.0,35.0
1654803509559623936,50.08355362,14.4658538,250.95583340000002,-1.0,-1.0,56.87355351,56.87355351
1654803510040996096,50.08353992,14.46583908,250.95614619999998,-1.0,-1.0,35.0,35.0
1654803516104356096,50.08354592,14.46582374,250.95638280000003,-1.0,-1.0,55.46209803,55.46209803
1654803516641588992,50.08355067,14.4658929,250.95702740000002,-1.0,-1.0,35.0,35.0
1654803522654003968,50.08355511,14.4658713,250.95772549999998,-1.0,-1.0,54.43071975,54.43071975
1654803523124683008,50.08354232,14.46584597,250.9563713,-1.0,-1.0,35.0,35.0
1654803529158007040,50.08354747,14.46582944,250.9550858,-1.0,-1.0,54.08598871,54.08598871
1654803529538648064,50.08353588,14.46582446,250.95538709999997,-1.0,-1.0,35.0,35.0
1654803535581831936,50.0835424,14.46581362,250.95561980000002,-1.0,-1.0,53.83469618,53.83469618
1654803536166391040,50.08354165,14.46586011,250.95689769999998,-1.0,-1.0,35.0,35.0
1654803542231704064,50.08354823,14.465846,250.95810699999998,-1.0,-1.0,62.30974736,62.30974736
1654803542741985024,50.0835844,14.46597389,250.9592819,-1.0,-1.0,35.0,35.0
1654803548830579968,50.08357398,14.46590356,250.96068569999997,-1.0,-1.0,106.33333329999999,106.33333329999999
1654803549341015040,50.08355077,14.46591138,250.9622307,-1.0,-1.0,35.0,35.0
1654803555363792896,50.08354696,14.46583748,250.9637222,-1.0,-1.0,106.33333329999999,106.33333329999999
1654803555826917888,50.08339871,14.46577674,250.9615326,-1.0,-1.0,35.0,35.0
1654803557397219072,50.0835083,14.46584819,250.96601490000003,-1.0,-1.0,35.0,35.0
1654803563508502016,50.08360803,14.46587169,250.97077180000002,-1.0,-1.0,106.33333329999999,106.33333329999999
1654803564045037056,50.08349345,14.46588508,250.9728622,-1.0,-1.0,35.0,35.0
1654803565548092928,50.0835079,14.46591447,250.9859161,-1.0,-1.0,35.0,35.0
1654803571605523968,50.08357569,14.46591534,250.99897,-1.0,-1.0,75.21830771,75.21830771
1654803572145690112,50.08354151,14.4658489,250.99232859999998,-1.0,-1.0,35.0,35.0
1654803578240577024,50.08358926,14.46584767,250.98609159999998,-1.0,-1.0,66.00916842,66.00916842
1654803578742757888,50.08354222,14.46582448,250.9888077,-1.0,-1.0,35.0,35.0
1654803584769399040,50.08357782,14.46582554,250.99121859999997,-1.0,-1.0,60.47284754,60.47284754
1654803585228901120,50.08355649,14.46584682,250.98927310000002,-1.0,-1.0,35.0,35.0
1654803586798206976,50.08355034,14.46590196,250.98798369999997,-1.0,-1.0,35.0,35.0
1654803592894873088,50.083572,14.46590367,250.978569,-1.0,-1.0,57.0664759,57.0664759
1654803593443809024,50.08356065,14.46591948,250.9700241,-1.0,-1.0,35.0,35.0
1654803599514963968,50.08357516,14.46590742,250.9622421,-1.0,-1.0,55.59135757,55.59135757
1654803600042774016,50.08354837,14.46585938,250.9592133,-1.0,-1.0,35.0,35.0
1654803606147849984,50.08356031,14.46584846,250.95641329999998,-1.0,-1.0,54.97366439,54.97366439
1654803606958501120,50.08357202,14.46590204,250.95595930000005,-1.0,-1.0,35.0,35.0
1654803608580576000,50.08355078,14.46591162,250.95577999999998,-1.0,-1.0,35.0,35.0
1654803614610809088,50.08355423,14.46589474,250.9555893,-1.0,-1.0,53.59650769,53.59650769
1654803614995463936,50.08355409,14.46587034,250.9568176,-1.0,-1.0,35.0,35.0
1654803616680292096,50.08354922,14.465942,250.95884700000002,-1.0,-1.0,35.0,35.0
1654803622747011072,50.08355104,14.465931,250.9609756,-1.0,-1.0,53.21382724,53.21382724
1654803623269189888,50.08354055,14.46586388,250.96020130000002,-1.0,-1.0,35.0,35.0
1654803629287446016,50.08354385,14.46585419,250.95944980000002,-1.0,-1.0,53.06630913,53.06630913
1654803629741648896,50.08353849,14.46584239,250.95857239999998,-1.0,-1.0,35.0,35.0
1654803635844947968,50.08354302,14.46583433,250.95772549999998,-1.0,-1.0,53.55452588,53.55452588
1654803636338976000,50.08354454,14.46586998,250.9569244,-1.0,-1.0,35.0,35.0
1654803642394777088,50.08354973,14.46585253,250.95623019999996,-1.0,-1.0,79.60098622,79.60098622
1654803642938223104,50.08353802,14.46584199,250.9549141,-1.0,-1.0,35.0,35.0
1654803649006784000,50.08354786,14.46582773,250.9536972,-1.0,-1.0,106.33333329999999,106.33333329999999
1654803649539474944,50.08354415,14.46587536,250.95523070000002,-1.0,-1.0,35.0,35.0
1654803655607484928,50.08355314,14.46584617,250.95667269999998,-1.0,-1.0,106.33333329999999,106.33333329999999
1654803656137676032,50.0835538,14.46586632,250.95726009999998,-1.0,-1.0,35.0,35.0
1654803662165281024,50.08355698,14.4658353,250.95783230000004,-1.0,-1.0,106.33333329999999,106.33333329999999
1654803662623793920,50.08353563,14.4658706,250.95881269999998,-1.0,-1.0,35.0,35.0
1654803668666672128,50.08354625,14.46583687,250.95970919999996,-1.0,-1.0,106.33333329999999,106.33333329999999
1654803669043496960,50.08355272,14.46585149,250.96007540000002,-1.0,-1.0,35.0,35.0
1654803670544064000,50.08365369,14.4659065,250.9600601,-1.0,-1.0,35.0,35.0
1654803676563725056,50.08366775,14.46589317,250.96059419999997,-1.0,-1.0,106.33333329999999,106.33333329999999
1654803677026706944,50.08355291,14.46587637,250.9659119,-1.0,-1.0,35.0,35.0
1654803683125046016,50.08355288,14.46584333,250.9709549,-1.0,-1.0,106.33333329999999,106.33333329999999
1654803683625760000,50.08353632,14.46585932,250.97309109999998,-1.0,-1.0,35.0,35.0
1654803689732491008,50.08354557,14.4658306,250.97507480000002,-1.0,-1.0,106.33333329999999,106.33333329999999
1654803690226145024,50.08352471,14.46581115,250.97505189999998,-1.0,-1.0,35.0,35.0
1654803691796259840,50.08353108,14.46587582,250.97165299999998,-1.0,-1.0,35.0,35.0
1654803697813719040,50.08354934,14.46588892,250.96839139999997,-1.0,-1.0,106.33333329999999,106.33333329999999
1654803698326415104,50.08352887,14.46583591,250.9713364,-1.0,-1.0,35.0,35.0
1654803704433478912,50.08354937,14.46583514,250.9740372,-1.0,-1.0,106.33333329999999,106.33333329999999
1654803704924854016,50.08354634,14.46587767,250.9677391,-1.0,-1.0,35.0,35.0
1654803710942565888,50.08355809,14.46585198,250.9619827,-1.0,-1.0,106.33333329999999,106.33333329999999
1654803711434253056,50.08354123,14.46585767,250.96497340000002,-1.0,-1.0,93.76788231,93.76788231
1654803711434253056,50.08354652,14.46584591,250.96497340000002,-1.0,-1.0,93.76788231,93.76788231
1654803711974153984,50.08354927,14.46589158,250.9593163,-1.0,-1.0,35.0,35.0
1654803718014932992,50.08355538,14.46585188,250.9560623,-1.0,-1.0,106.33333329999999,106.33333329999999
1654803718458204928,50.08355709,14.4659301,250.9580765,-1.0,-1.0,35.0,35.0
1654803724466131968,50.08355835,14.4658674,250.95995330000002,-1.0,-1.0,97.50389526,97.50389526
1654803724856851968,50.08360987,14.46595631,250.96053309999996,-1.0,-1.0,35.0,35.0
1654803726693371904,50.08360604,14.46593873,250.96106719999997,-1.0,-1.0,35.0,35.0
1654803732753408000,50.08358927,14.46587036,250.96169280000004,-1.0,-1.0,70.79191231,70.79191231
1654803733126896896,50.08357117,14.46591675,250.96230319999998,-1.0,-1.0,35.0,35.0
1654803739167461888,50.08355731,14.46585265,250.9630356,-1.0,-1.0,63.38466826,63.38466826
1654803739688272896,50.08350047,14.46591641,250.968689,-1.0,-1.0,35.0,35.0
1654803745764667904,50.08350242,14.46585546,250.9738693,-1.0,-1.0,61.40895131,61.40895131
1654803746278110976,50.08353315,14.46586864,250.97258,-1.0,-1.0,35.0,35.0
1654803752286299904,50.08353687,14.46582039,250.97141269999997,-1.0,-1.0,58.36265253,58.36265253
1654803752762262016,50.08355012,14.465856,250.9765167,-1.0,-1.0,35.0,35.0
1654803758858993920,50.08355275,14.46581672,250.9813156,-1.0,-1.0,57.80159589,57.80159589
1654803759368531968,50.08356623,14.46586433,250.9719772,-1.0,-1.0,35.0,35.0
1654803765412812032,50.08356548,14.46583066,250.9635086,-1.0,-1.0,58.93613664,58.93613664
1654803766279712000,50.08357362,14.46589647,250.9621696,-1.0,-1.0,35.0,35.0
1654803772293442048,50.08356957,14.46586255,250.9611435,-1.0,-1.0,59.66238636,59.66238636
1654803772528808960,50.08355227,14.46588124,250.96148300000002,-1.0,-1.0,35.0,35.0
1654803773395909888,50.08354948,14.4658834,250.95928569999998,-1.0,-1.0,35.0,35.0
1654803774141680128,50.08363288,14.46572992,250.0214676,16.51000023,312.53893210000007,14.41605776,14.41605776
1654803775141707008,50.08353526,14.46590013,250.69850930000004,1.5499999519999998,-1.0,13.20410419,13.20410419
1654803776141732096,50.08352201,14.46593097,250.66963969999998,0.7099999785,-1.0,18.51298629,18.51298629
1654803777141757952,50.08352,14.46598018,250.61080180000002,0.6499999761999999,-1.0,25.89272776,25.89272776
1654803778141784064,50.08352889,14.466007,250.58889010000001,0.6499999761999999,-1.0,39.30977954,39.30977954
1654803794152848896,50.08067576,14.46796111,250.83900690000002,12.71772879,153.4813696,76.45758562,76.45758562
1654803795152265984,50.08159666,14.46709184,254.9987623,2.86418513,165.3923811,48.05901004,48.05901004
1654803796142269952,50.08180191,14.46707372,255.85534790000003,2.392277052,160.9990867,43.70690121,43.70690121
1654803797142297088,50.08183973,14.46700504,255.6495608,2.041086967,161.0382629,42.17738726,42.17738726
1654803798142324992,50.0825347,14.46615111,255.7354745,1.572873877,170.12471169999998,26.54601695,26.54601695
1654803799142352896,50.0827329,14.46609555,254.52282730000002,1.4214728819999998,165.0937655,20.24066032,20.24066032
1654803800142381056,50.08282103,14.46607375,253.34583109999997,1.334112011,166.4576481,18.73001163,18.73001163
1654803801142407936,50.08281766,14.46607868,252.9646054,1.109549731,161.5579972,18.74919014,18.74919014
1654803802142436096,50.08281503,14.46608321,252.07512749999998,0.9542501714,158.9235659,18.75777089,18.75777089
1654803803142464000,50.08280614,14.46608826,252.0816295,0.882787918,159.22465559999998,18.84307635,18.84307635
1654803804142490880,50.08279961,14.46609007,251.765462,0.7012621263,160.81821269999998,19.07347906,19.07347906
1654803805142520064,50.08279454,14.46609227,251.31529139999998,0.7349769572,161.6334295,19.44333659,19.44333659
1654803806142546944,50.0827866,14.46609516,250.99554640000002,0.8804663194,162.72034330000002,20.05028939,20.05028939
1654803807142575104,50.08277892,14.46610541,250.73977369999997,0.8575583456999999,157.25144840000002,19.67289081,19.67289081
1654803808142603008,50.08277293,14.4661072,250.3428446,0.7437994013,159.2561249,20.06119704,20.06119704
1654803809142630912,50.08277087,14.46610279,250.55211060000002,0.0,162.20700390000002,20.56706878,20.56706878
1654803810151879936,50.08276514,14.46610457,250.0183903,0.0,162.20700530000002,21.36826569,21.36826569
1654803811154109952,50.08276293,14.46610586,250.3686174,0.0,162.20700630000002,21.81879569,21.81879569
1654803815163720960,50.0827202,14.4661019,250.3500617,0.0,162.20700359999998,32.32890289,32.32890289
1654803816153089024,50.0827165,14.46610105,250.17807480000002,0.0,162.20700300000001,36.20783144,36.20783144
1654803817158771968,50.08270946,14.46610089,250.02514730000001,0.0,162.20700300000001,41.34901519,41.34901519
1654803818159366912,50.0827003,14.4661081,250.0981389,0.0,162.2070084,46.00799155,46.00799155
1654803819159164928,50.08269429,14.46611284,250.0893094,0.0,162.20701210000001,51.90762694,51.90762694
1654803820158841088,50.082689,14.46611326,250.13532519999998,0.0,162.2070124,58.00351865,58.00351865
1654803821142967040,50.08280643,14.46639869,250.0468117,2.147445493,88.95273634,55.38722431,55.38722431
1654803822142995968,50.0828931,14.46621704,250.2567615,0.0,88.81710416,52.5507808,52.5507808
1654803823143024128,50.08287462,14.46623033,250.2923977,0.0,88.81711485,52.53744381,52.53744381
1654803824143052032,50.08291941,14.46610125,250.1117563,0.0,88.81701461,40.97904574,40.97904574
1654803825143079936,50.083108,14.46595658,249.86346559999998,0.0,351.16983500000003,27.18124346,27.18124346
1654803826143109120,50.08329163,14.46587959,250.2078886,0.0,351.169775,18.52504147,18.52504147
1654803827143136000,50.08329067,14.46587603,250.2156298,0.0,351.16977210000005,19.1616868,19.1616868
1654803828143164928,50.08329014,14.46587466,249.9606085,0.0,351.16977099999997,20.36142912,20.36142912
1654803829143194112,50.08329338,14.46587506,250.0217924,0.0,351.16977139999995,22.21796653,22.21796653
1654803830143222016,50.08329683,14.46587395,249.9184812,0.0,351.1697705,24.60305813,24.60305813
1654803831143249920,50.08329779,14.46586323,249.7910403,0.0,351.169762,27.15985735,27.15985735
1654803832143278080,50.08330261,14.46586387,249.82218939999998,0.0,351.1697625,30.19484399,30.19484399
1654803833143304960,50.08330459,14.46585233,250.01872830000002,0.0,351.1697533,33.66349494,33.66349494
1654803834143333888,50.08330672,14.46585273,249.83031319999998,0.0,351.1697537,37.77936355,37.77936355
1654803835143362048,50.08330361,14.46585109,249.97433590000003,0.0,351.1697523,42.766233,42.766233
1654803836143389952,50.08327317,14.46586572,250.53293689999998,0.0,351.16976380000006,48.36587567,48.36587567
1654803836276953088,50.08346199,14.46586054,250.9693222,-1.0,-1.0,101.9639828,101.9639828
1654803836276953088,50.08350574,14.46584629,250.95761869999998,-1.0,-1.0,101.9639828,101.9639828
1654803836816538112,50.08354876,14.46585269,250.9576035,-1.0,-1.0,35.0,35.0
1654803838674866944,50.08355367,14.46590379,250.9551964,-1.0,-1.0,35.0,35.0
1654803844800347904,50.08357127,14.46589598,250.95330049999998,-1.0,-1.0,49.08500353,49.08500353
1654803845187940096,50.08359149,14.46593144,250.95402149999998,-1.0,-1.0,35.0,35.0
1654803845570776064,50.08360113,14.46594478,250.9544716,-1.0,-1.0,35.0,35.0
1654803851677646848,50.08360733,14.46592431,250.9551773,-1.0,-1.0,50.79001413,50.79001413
1654803852061579008,50.08357977,14.46593158,250.9553299,-1.0,-1.0,35.0,35.0
1654803853290270976,50.08355744,14.46594384,250.955513,-1.0,-1.0,35.0,35.0
1654803859321357056,50.08355999,14.46591719,250.95574190000002,-1.0,-1.0,51.50113344,51.50113344
1654803859767576064,50.08355828,14.46588706,250.95578769999997,-1.0,-1.0,35.0,35.0
1654803861204754944,50.08355752,14.46595448,250.95575330000003,-1.0,-1.0,35.0,35.0
1654803867308508928,50.08355865,14.46593157,250.9559097,-1.0,-1.0,52.38974829,52.38974829
1654803867842458880,50.08357882,14.4659075,250.95737459999998,-1.0,-1.0,35.0,35.0
1654803873942418944,50.08357573,14.46588224,250.958931,-1.0,-1.0,52.83693654,52.83693654
1654803874473391104,50.08357768,14.46594504,250.9571571,-1.0,-1.0,35.0,35.0
1654803880555496960,50.0835723,14.46591022,250.9557724,-1.0,-1.0,53.04120106,53.04120106
1654803881071094016,50.08354126,14.46584649,250.95504,-1.0,-1.0,35.0,35.0
1654803882504566016,50.08354971,14.46589219,250.95446009999998,-1.0,-1.0,35.0,35.0
1654803888538006016,50.08354899,14.46587041,250.9540634,-1.0,-1.0,52.892538,52.892538
1654803888988275968,50.08354235,14.46586063,250.95410159999997,-1.0,-1.0,35.0,35.0
1654803895061126912,50.08354349,14.46584146,250.9541702,-1.0,-1.0,53.23815833,53.23815833
1654803895588729088,50.08354326,14.4658714,250.9567413,-1.0,-1.0,35.0,35.0
1654803901645370880,50.08354537,14.46585141,250.9591599,-1.0,-1.0,53.25373841,53.25373841
1654803902185579008,50.0835599,14.46588378,250.95809169999998,-1.0,-1.0,35.0,35.0
1654803908203934976,50.08356008,14.46586163,250.9572372,-1.0,-1.0,53.12721673,53.12721673
1654803908671067904,50.08356694,14.46590986,250.95637889999998,-1.0,-1.0,35.0,35.0
1654803914767109120,50.08356503,14.46588163,250.9557266,-1.0,-1.0,53.55853611,53.55853611
1654803915270432000,50.08353865,14.46583834,250.9544296,-1.0,-1.0,35.0,35.0
1654803919705654016,50.08353548,14.46582298,250.9533081,-1.0,-1.0,35.0,35.0
1654803925790201088,50.08353661,14.46580785,250.95249180000002,-1.0,-1.0,50.85180092,50.85180092
1654803926173225984,50.08352853,14.46581409,250.95679469999996,-1.0,-1.0,35.0,35.0
1654803932251009024,50.08353266,14.46580475,250.96059419999997,-1.0,-1.0,51.78297083,51.78297083
1654803932784407040,50.08355704,14.46590291,250.9621201,-1.0,-1.0,35.0,35.0
1654803935135932928,50.08345533,14.46605198,308.2660755,1.99000001,171.5625031,28.64259199,28.64259199
1654803936135963904,50.08346106,14.46606631,306.19686160000003,1.99000001,166.64062990000002,29.87524592,29.87524592
1654803937135994880,50.08347533,14.46606542,308.17098239999996,1.620000005,-1.0,33.20068333,33.20068333
1654803938136025088,50.08346879,14.46606995,308.0581284,1.50999999,-1.0,37.25710189,37.25710189
1654803939136056064,50.08346351,14.46607523,308.2044297,1.4400000569999998,-1.0,38.38660964,38.38660964
1654803940136088064,50.08347168,14.46607322,305.0183335,1.4400000569999998,-1.0,36.53310237,36.53310237
1654803941136118016,50.08348136,14.46607037,304.81331639999996,0.75,-1.0,37.38714819,37.38714819
1654803942136147968,50.08349553,14.46606089,302.8846055,0.7200000286,-1.0,38.42909304,38.42909304
1654803943136178944,50.0835125,14.46604799,300.09542089999997,0.21999999879999999,-1.0,36.65471813,36.65471813
1654803944136209920,50.08353622,14.46602074,298.7948228,0.6999999881,-1.0,36.74361722,36.74361722
1654803945136240128,50.08332407,14.46585811,250.43902230000003,0.286592842,-1.0,30.24736298,30.24736298
1654803946136271104,50.08331732,14.46585987,250.1986005,0.34465341590000004,-1.0,29.91567896,29.91567896
1654803947136301056,50.08330235,14.46586489,250.2785926,0.13003144560000002,-1.0,28.97000853,28.97000853
1654803948136332032,50.08330982,14.46587748,250.2321015,0.05485532407,-1.0,29.92102492,29.92102492
1654803949136360960,50.08330719,14.46588621,250.162851,0.05411628633999999,-1.0,31.14667089,31.14667089
1654803950136391936,50.08331299,14.46588881,250.09124309999999,0.06174741074,-1.0,32.02215567,32.02215567
1654803951136422912,50.08331299,14.46588881,250.09124309999999,0.0,-1.0,27.48429768,27.48429768
1654803952136452096,50.0832558,14.46587273,250.08468280000002,0.0267161265,-1.0,26.92965235,26.92965235
1654803953136483072,50.083245,14.46587417,250.0547454,0.0334103752,-1.0,26.58916779,26.58916779
1654803954136513024,50.08325717,14.46586812,250.0725481,0.06966069305,-1.0,26.73262353,26.73262353
1654803955136544000,50.08328511,14.46587495,249.8981551,0.25754787,-1.0,27.29926152,27.29926152
1654803956136573952,50.0832628,14.4659001,249.9920606,0.3278419548,-1.0,27.88981209,27.88981209
1654803957136604928,50.08326578,14.4658926,249.9851977,0.4080574402,-1.0,27.80693617,27.80693617
1654803958136634880,50.08323534,14.46591767,250.002948,0.3095589598,-1.0,28.47336444,28.47336444
1654803959136665088,50.08323493,14.46591948,249.8918517,0.0,-1.0,30.20372819,30.20372819
1654803960136695040,50.08319683,14.46589889,249.90541659999997,0.29049773289999997,-1.0,32.01192075,32.01192075
1654803961136724992,50.08320089,14.46585693,249.9711755,0.051262612760000006,-1.0,27.79244913,27.79244913
1654803962136754944,50.08318131,14.46585502,250.0094125,0.08880335432,-1.0,27.77824779,27.77824779
1654803963136785920,50.08320184,14.46591832,249.9391538,0.225778745,-1.0,26.34759319,26.34759319
1654803964136815104,50.08315111,14.46596807,249.91220440000004,0.3934533727,-1.0,21.9575057,21.9575057
1654803965136846080,50.08314426,14.46595789,249.9424542,0.3693357527,-1.0,22.30953421,22.30953421
1654803966136876032,50.08313702,14.46597587,250.01049890000002,0.43426008229999996,-1.0,23.34191091,23.34191091
1654803967136905984,50.08310671,14.46598917,249.92928019999997,0.6579810064,-1.0,24.94550231,24.94550231
1654803968136935936,50.08308563,14.46597127,249.8840344,0.8502681343,-1.0,26.71363443,26.71363443
1654803969136965888,50.08304507,14.46593489,249.97846189999999,1.306430752,-1.0,28.55872222,28.55872222
1654803970136996096,50.08307518,14.46593556,249.95633959999998,0.086654823,-1.0,23.97977871,23.97977871
1654803971137026048,50.0830951,14.46596224,249.9081205,0.038419855010000004,-1.0,24.12435322,24.12435322
1654803972137057024,50.08311973,14.46603353,249.8890202,0.0,-1.0,24.14513707,24.14513707
1654803973137086976,50.08313073,14.46606241,249.9082991,0.19714663780000002,-1.0,24.6788996,24.6788996
1654803974137115904,50.08311096,14.4660823,250.003165,0.16861990649999997,-1.0,25.68031331,25.68031331
1654803975137146880,50.08312155,14.46610129,249.6988537,0.2224265811,-1.0,27.07544267,27.07544267
1654803976137177088,50.08313487,14.46608401,249.8416007,0.18289027260000001,-1.0,28.22065414,28.22065414
1654803977134899968,50.08313067,14.46609826,249.8393949,0.1525127951,-1.0,27.61268489,27.61268489
1654803978134917120,50.08316789,14.46606564,249.961779,0.3637443778,-1.0,28.60515126,28.60515126
1654803979134895104,50.08320482,14.46603566,249.90260919999997,0.4560925519,-1.0,27.80108623,27.80108623
1654803980134906880,50.0831552,14.46604102,249.89427290000003,0.2579020816,-1.0,27.2337409,27.2337409
1654803981134882048,50.08312486,14.46603185,249.886217,0.0,-1.0,24.11164338,24.11164338
1654803982134894080,50.08312659,14.46601517,249.96989019999998,0.1449683939,-1.0,23.31048925,23.31048925
1654803983134871040,50.08311756,14.46600619,249.99363230000003,0.07376991094,-1.0,23.61432563,23.61432563
1654803984134887936,50.08310874,14.46598641,250.1121719,0.18635183449999998,-1.0,24.26234687,24.26234687
1654803985134867968,50.08310632,14.46598541,249.99947830000002,0.0,-1.0,25.33566707,25.33566707
1654803986134883072,50.08309136,14.4659584,249.8290813,0.26051574489999996,-1.0,26.61978336,26.61978336
1654803987134860032,50.08307782,14.4659347,249.89151529999998,0.6051539161,-1.0,28.45213687,28.45213687
1654803988134874880,50.08306823,14.4659212,249.92455159999997,0.5001659048,-1.0,30.50978372,30.50978372
1654803989134853120,50.08308476,14.46592778,249.92388280000003,0.2803098768,-1.0,32.75675045,32.75675045
1654803990134867968,50.08308512,14.46590024,249.869315,0.31526376079999996,-1.0,35.0261285,35.0261285
1654803991134848000,50.08308212,14.46590096,249.84698509999998,0.06001199914,-1.0,27.30941876,27.30941876
1654803992134864896,50.08307617,14.46589209,249.79383760000002,0.0,-1.0,26.88576789,26.88576789
1654803993134842880,50.08307722,14.46589423,249.8405745,0.056950145290000004,-1.0,26.10753725,26.10753725
1654803994134861056,50.08306943,14.46586959,249.88751680000001,0.04461768568,-1.0,26.0134587,26.0134587
1654803995134843904,50.08307149,14.46587585,249.84112209999998,0.2337521904,-1.0,26.46311764,26.46311764
1654803996134863104,50.08306685,14.46589459,249.8849745,0.30320666079999997,-1.0,27.05263929,27.05263929
1654803997134880000,50.08306425,14.46591441,249.9737855,0.41691227229999994,-1.0,28.23330779,28.23330779
1654803998134897920,50.08306496,14.4659398,249.83228590000002,0.6506577361,-1.0,29.74128947,29.74128947
1654803999134917120,50.08305813,14.46595451,250.1024356,0.3277494225,-1.0,31.71921759,31.71921759
1654803999335622912,50.08305226,14.46601085,249.9422181,0.0,-1.0,30.66844692,30.66844692
1654804015235056896,50.0833092,14.46595621,251.07483670000002,-1.0,-1.0,35.0,35.0
1654804024083891968,50.08348145,14.46595438,251.0523262,-1.0,-1.0,35.0,35.0
1654804033625477888,50.08350144,14.46613331,289.8726425,0.0,141.328125,47.06591443,47.06591443
1654804034625405952,50.08350144,14.46613331,289.8726425,0.0,141.328125,47.06560079,47.06560079
1654804035625430016,50.08350144,14.46613331,289.87264260000006,0.0,-1.0,47.06560079,47.06560079
1654804036625358080,50.08350144,14.46613331,289.87264260000006,0.0,-1.0,47.06540221,47.06540221
1654804037645341952,50.08350144,14.46613331,289.87264260000006,0.0,-1.0,47.06540221,47.06540221
1654804043625464064,50.08350068,14.46613231,289.89876560000005,0.0,141.328125,47.06069011,47.06069011
1654804044625492992,50.08350068,14.46613231,289.89876560000005,0.0,-1.0,47.06069011,47.06069011
1654804045625521920,50.08350068,14.46613231,289.89876560000005,0.0,-1.0,47.06069011,47.06069011
1654804046625550080,50.08350068,14.46613231,289.89876560000005,0.0,-1.0,47.06069011,47.06069011
1654804047625577984,50.08350068,14.46613231,289.89876560000005,0.0,-1.0,47.06069011,47.06069011
1654804048625606912,50.08350068,14.46613231,289.89876560000005,0.0,-1.0,47.06069011,47.06069011
1654804049646721024,50.08350068,14.46613231,289.89876560000005,0.0,-1.0,47.06069011,47.06069011
1654804055637751040,50.08350147,14.46613331,250.48862119999998,0.0,-1.0,47.71354425,47.71354425
1654804056641082112,50.08350147,14.46613331,250.48862119999998,0.0,-1.0,47.73262752,47.73262752
1654804057634806016,50.08350147,14.46613331,250.48862119999998,0.0,-1.0,30.66546985,30.66546985
1654804058637786880,50.08350147,14.46613331,250.48862119999998,0.0,-1.0,30.6840262,30.6840262
1654804059641513984,50.08350147,14.46613331,250.48862119999998,0.0,-1.0,30.69602609,30.69602609
1654804064637540096,50.08358636,14.4659997,250.50570180000003,0.0,-1.0,30.86739096,30.86739096
1654804065643607040,50.08358636,14.4659997,250.50570180000003,0.0,-1.0,30.90082423,30.90082423
1654804066640795904,50.08358636,14.4659997,250.50570180000003,0.0,-1.0,30.95357807,30.95357807
1654804067634627072,50.08358636,14.4659997,250.50570180000003,0.0,-1.0,30.98643748,30.98643748
1654804068637373952,50.08358636,14.4659997,250.50570180000003,0.0,-1.0,30.99856327,30.99856327
1654804069637452032,50.08358636,14.4659997,250.50570180000003,0.0,-1.0,31.0324227,31.0324227
1654804071645061888,50.08358636,14.4659997,250.50570180000003,0.0,-1.0,31.12477342,31.12477342
1654804072638496000,50.08358636,14.4659997,250.50570180000003,0.0,-1.0,31.15729173,31.15729173
