sensor_type,device_type,timestamps,cid,lac,mcc,mnc
gsm,smartphone,1454956114042000000,107884554.000,37127.000,310,410
gsm,smartphone,1454956114068000000,107884554.000,37127.000,310,410
gsm,smartphone,1454956125026000000,107884554.000,37127.000,310,410
gsm,smartphone,1454956136013000000,107884554.000,37127.000,310,410
gsm,smartphone,1454956147025000000,107884554.000,37127.000,310,410
gsm,smartphone,1454956158009000000,107884554.000,37127.000,310,410
gsm,smartphone,1454956169019000000,107884554.000,37127.000,310,410
gsm,smartphone,1454956180031000000,107884554.000,37127.000,310,410
gsm,smartphone,1454956191012000000,107884554.000,37127.000,310,410
gsm,smartphone,1454956202016000000,107884554.000,37127.000,310,410
gsm,smartphone,1454956213018000000,107884554.000,37127.000,310,410
gsm,smartphone,1454956224007000000,107884554.000,37127.000,310,410
gsm,smartphone,1454956235018000000,107884554.000,37127.000,310,410
gsm,smartphone,1454956246011000000,107884554.000,37127.000,310,410
gsm,smartphone,1454956257016000000,107884554.000,37127.000,310,410
gsm,smartphone,1454956268010000000,107884554.000,37127.000,310,410
gsm,smartphone,1454956279012000000,107884554.000,37127.000,310,410
gsm,smartphone,1454956290041000000,107884554.000,37127.000,310,410
gsm,smartphone,1454956301015000000,107884554.000,37127.000,310,410
gsm,smartphone,1454956312015000000,107884554.000,37127.000,310,410
gsm,smartphone,1454956323021000000,107884554.000,37127.000,310,410
gsm,smartphone,1454956334019000000,107884554.000,37127.000,310,410
gsm,smartphone,1454956345011000000,107884554.000,37127.000,310,410
gsm,smartphone,1454956356006000000,107884554.000,37127.000,310,410
gsm,smartphone,1454956367007000000,107884554.000,37127.000,310,410
gsm,smartphone,1454956378023000000,107884554.000,37127.000,310,410
gsm,smartphone,1454956389016000000,107884554.000,37127.000,310,410
gsm,smartphone,1454956400018000000,107884554.000,37127.000,310,410
gsm,smartphone,1454956411010000000,107884554.000,37127.000,310,410
gsm,smartphone,1454956422017000000,107884554.000,37127.000,310,410
gsm,smartphone,1454956433029000000,107884554.000,37127.000,310,410
gsm,smartphone,1454956444005000000,107884554.000,37127.000,310,410
gsm,smartphone,1454956455058000000,107884554.000,37127.000,310,410
gsm,smartphone,1454956466015000000,107884554.000,37127.000,310,410
gsm,smartphone,1454956477007000000,107884554.000,37127.000,310,410
gsm,smartphone,1454956488012000000,107884554.000,37127.000,310,410
gsm,smartphone,1454956499022000000,107884554.000,37127.000,310,410
gsm,smartphone,1454956510012000000,107884554.000,37127.000,310,410
gsm,smartphone,1454956521010000000,107884554.000,37127.000,310,410
gsm,smartphone,1454956532014000000,107884554.000,37127.000,310,410
gsm,smartphone,1454956543020000000,107884554.000,37127.000,310,410
gsm,smartphone,1454956554006000000,107884554.000,37127.000,310,410
gsm,smartphone,1454956565011000000,107884554.000,37127.000,310,410
gsm,smartphone,1454956576005000000,107884554.000,37127.000,310,410
gsm,smartphone,1454956587009000000,107884554.000,37127.000,310,410
gsm,smartphone,1454956598020000000,107884554.000,37127.000,310,410
gsm,smartphone,1454956609004000000,107884554.000,37127.000,310,410
gsm,smartphone,1454956620006000000,107884553.000,37127.000,310,410
gsm,smartphone,1454956631022000000,107884553.000,37127.000,310,410
gsm,smartphone,1454956642017000000,107884553.000,37127.000,310,410
gsm,smartphone,1454956653005000000,107884553.000,37127.000,310,410
gsm,smartphone,1454956664016000000,107884553.000,37127.000,310,410
gsm,smartphone,1454956675006000000,107884553.000,37127.000,310,410
gsm,smartphone,1454956686024000000,107884553.000,37127.000,310,410
gsm,smartphone,1454956697007000000,107884553.000,37127.000,310,410
gsm,smartphone,1454956708010000000,107884553.000,37127.000,310,410
gsm,smartphone,1454956719024000000,107884553.000,37127.000,310,410
gsm,smartphone,1454956730021000000,107884553.000,37127.000,310,410
gsm,smartphone,1454956741015000000,107884553.000,37127.000,310,410
gsm,smartphone,1454956752023000000,107884553.000,37127.000,310,410
gsm,smartphone,1454956763018000000,107884553.000,37127.000,310,410
gsm,smartphone,1454956774012000000,107884553.000,37127.000,310,410
gsm,smartphone,1454956785054000000,107884553.000,37127.000,310,410
gsm,smartphone,1454956796008000000,107884553.000,37127.000,310,410
gsm,smartphone,1454956807019000000,107884553.000,37127.000,310,410
gsm,smartphone,1454956818034000000,107884553.000,37127.000,310,410
gsm,smartphone,1454956829031000000,108104714.000,37127.000,310,410
gsm,smartphone,1454956840020000000,108104714.000,37127.000,310,410
gsm,smartphone,1454956851026000000,108104714.000,37127.000,310,410
gsm,smartphone,1454956862016000000,108104714.000,37127.000,310,410
gsm,smartphone,1454956873008000000,107884554.000,37127.000,310,410
gsm,smartphone,1454956884020000000,107884554.000,37127.000,310,410
gsm,smartphone,1454956895013000000,107884554.000,37127.000,310,410
gsm,smartphone,1454956906018000000,107884554.000,37127.000,310,410
gsm,smartphone,1454956917020000000,107884554.000,37127.000,310,410
gsm,smartphone,1454956928018000000,107884554.000,37127.000,310,410
gsm,smartphone,1454956939014000000,107884554.000,37127.000,310,410
gsm,smartphone,1454956950005000000,107884554.000,37127.000,310,410
gsm,smartphone,1454956961020000000,107884554.000,37127.000,310,410
gsm,smartphone,1454956972020000000,107884554.000,37127.000,310,410
gsm,smartphone,1454956983010000000,107884554.000,37127.000,310,410
gsm,smartphone,1454956994017000000,107884554.000,37127.000,310,410
gsm,smartphone,1454957005022000000,107884554.000,37127.000,310,410
gsm,smartphone,1454957016003000000,107884554.000,37127.000,310,410
gsm,smartphone,1454957027024000000,107884554.000,37127.000,310,410
gsm,smartphone,1454957038018000000,107884554.000,37127.000,310,410
gsm,smartphone,1454957049029000000,107884554.000,37127.000,310,410
gsm,smartphone,1454957060023000000,107884554.000,37127.000,310,410
gsm,smartphone,1454957071017000000,107884554.000,37127.000,310,410
gsm,smartphone,1454957082016000000,107884554.000,37127.000,310,410
gsm,smartphone,1454957093006000000,107884554.000,37127.000,310,410
gsm,smartphone,1454957104010000000,107884554.000,37127.000,310,410
gsm,smartphone,1454957115039000000,107884554.000,37127.000,310,410
gsm,smartphone,1454957126021000000,107884554.000,37127.000,310,410
gsm,smartphone,1454957137009000000,107884554.000,37127.000,310,410
gsm,smartphone,1454957148015000000,107884554.000,37127.000,310,410
gsm,smartphone,1454957159018000000,107884554.000,37127.000,310,410
gsm,smartphone,1454957170005000000,107884554.000,37127.000,310,410
gsm,smartphone,1454957181031000000,107884554.000,37127.000,310,410
gsm,smartphone,1454957192018000000,107884554.000,37127.000,310,410
gsm,smartphone,1454957203020000000,107884554.000,37127.000,310,410
gsm,smartphone,1454957214019000000,107884554.000,37127.000,310,410
gsm,smartphone,1454957225016000000,107884554.000,37127.000,310,410
gsm,smartphone,1454957236011000000,107884554.000,37127.000,310,410
gsm,smartphone,1454957247020000000,107884554.000,37127.000,310,410
gsm,smartphone,1454957258020000000,107884554.000,37127.000,310,410
gsm,smartphone,1454957269027000000,107884554.000,37127.000,310,410
gsm,smartphone,1454957280032000000,107884554.000,37127.000,310,410
gsm,smartphone,1454957291025000000,107884554.000,37127.000,310,410
gsm,smartphone,1454957302007000000,107884554.000,37127.000,310,410
gsm,smartphone,1454957313009000000,107884554.000,37127.000,310,410
gsm,smartphone,1454957324023000000,107884554.000,37127.000,310,410
gsm,smartphone,1454957335033000000,107884554.000,37127.000,310,410
gsm,smartphone,1454957346010000000,107884554.000,37127.000,310,410
gsm,smartphone,1454957357019000000,107884554.000,37127.000,310,410
gsm,smartphone,1454957368025000000,107884554.000,37127.000,310,410
gsm,smartphone,1454957379014000000,107884554.000,37127.000,310,410
gsm,smartphone,1454957390008000000,107884554.000,37127.000,310,410
gsm,smartphone,1454957401016000000,107884554.000,37127.000,310,410
gsm,smartphone,1454957412022000000,107884554.000,37127.000,310,410
gsm,smartphone,1454957423030000000,107884554.000,37127.000,310,410
gsm,smartphone,1454957434008000000,107884554.000,37127.000,310,410
gsm,smartphone,1454957445061000000,107884554.000,37127.000,310,410
gsm,smartphone,1454957456007000000,107884554.000,37127.000,310,410
gsm,smartphone,1454957467019000000,107884554.000,37127.000,310,410
gsm,smartphone,1454957478010000000,107884554.000,37127.000,310,410
gsm,smartphone,1454957489021000000,107884554.000,37127.000,310,410
gsm,smartphone,1454957500025000000,107884554.000,37127.000,310,410
gsm,smartphone,1454957511020000000,107884554.000,37127.000,310,410
gsm,smartphone,1454957522011000000,107884554.000,37127.000,310,410
gsm,smartphone,1454957533026000000,107884554.000,37127.000,310,410
gsm,smartphone,1454957544021000000,107884554.000,37127.000,310,410
gsm,smartphone,1454957555008000000,107884554.000,37127.000,310,410
gsm,smartphone,1454957566006000000,107884554.000,37127.000,310,410
gsm,smartphone,1454957577022000000,107884554.000,37127.000,310,410
gsm,smartphone,1454957588020000000,107884554.000,37127.000,310,410
gsm,smartphone,1454957599018000000,107884554.000,37127.000,310,410
gsm,smartphone,1454957610032000000,107884554.000,37127.000,310,410
gsm,smartphone,1454957621019000000,107884554.000,37127.000,310,410
gsm,smartphone,1454957632016000000,107884554.000,37127.000,310,410
gsm,smartphone,1454957643005000000,107884554.000,37127.000,310,410
gsm,smartphone,1454957654035000000,107884554.000,37127.000,310,410
gsm,smartphone,1454957665020000000,107884554.000,37127.000,310,410
gsm,smartphone,1454957676007000000,107884554.000,37127.000,310,410
gsm,smartphone,1454957687027000000,107884554.000,37127.000,310,410
gsm,smartphone,1454957698019000000,107884554.000,37127.000,310,410
gsm,smartphone,1454957709027000000,107884554.000,37127.000,310,410
gsm,smartphone,1454957720020000000,107884554.000,37127.000,310,410
gsm,smartphone,1454957731017000000,107884554.000,37127.000,310,410
gsm,smartphone,1454957742030000000,107884554.000,37127.000,310,410
gsm,smartphone,1454957753017000000,107884554.000,37127.000,310,410
gsm,smartphone,1454957764007000000,107884554.000,37127.000,310,410
gsm,smartphone,1454957775063000000,107884554.000,37127.000,310,410
gsm,smartphone,1454957786025000000,107884554.000,37127.000,310,410
gsm,smartphone,1454957797019000000,107884554.000,37127.000,310,410
gsm,smartphone,1454957808006000000,107884554.000,37127.000,310,410
gsm,smartphone,1454957819024000000,107884554.000,37127.000,310,410
gsm,smartphone,1454957830021000000,107884554.000,37127.000,310,410
gsm,smartphone,1454957841018000000,107884554.000,37127.000,310,410
gsm,smartphone,1454957852008000000,107884554.000,37127.000,310,410
gsm,smartphone,1454957863017000000,107884554.000,37127.000,310,410
gsm,smartphone,1454957874018000000,107884554.000,37127.000,310,410
gsm,smartphone,1454957885017000000,107884554.000,37127.000,310,410
gsm,smartphone,1454957896009000000,107884554.000,37127.000,310,410
gsm,smartphone,1454957907025000000,107884554.000,37127.000,310,410
gsm,smartphone,1454957918024000000,107884554.000,37127.000,310,410
gsm,smartphone,1454957929019000000,107884554.000,37127.000,310,410
gsm,smartphone,1454957940013000000,107884554.000,37127.000,310,410
gsm,smartphone,1454957951010000000,107884554.000,37127.000,310,410
gsm,smartphone,1454957962009000000,107884554.000,37127.000,310,410
gsm,smartphone,1454957973014000000,107884554.000,37127.000,310,410
gsm,smartphone,1454957984021000000,107884553.000,37127.000,310,410
gsm,smartphone,1454957995020000000,107884553.000,37127.000,310,410
gsm,smartphone,1454958006005000000,107884553.000,37127.000,310,410
gsm,smartphone,1454958017010000000,107884553.000,37127.000,310,410
gsm,smartphone,1454958028004000000,107884553.000,37127.000,310,410
gsm,smartphone,1454958039033000000,107884553.000,37127.000,310,410
gsm,smartphone,1454958050030000000,107884553.000,37127.000,310,410
gsm,smartphone,1454958061005000000,107884553.000,37127.000,310,410
gsm,smartphone,1454958072023000000,107884553.000,37127.000,310,410
gsm,smartphone,1454958083020000000,107884553.000,37127.000,310,410
gsm,smartphone,1454958094006000000,107884553.000,37127.000,310,410
gsm,smartphone,1454958105082000000,107884553.000,37127.000,310,410
gsm,smartphone,1454958116021000000,107884553.000,37127.000,310,410
gsm,smartphone,1454958127019000000,107884553.000,37127.000,310,410
gsm,smartphone,1454958138017000000,107884553.000,37127.000,310,410
gsm,smartphone,1454958149014000000,107884553.000,37127.000,310,410
gsm,smartphone,1454958160020000000,107884553.000,37127.000,310,410
gsm,smartphone,1454958171018000000,107884553.000,37127.000,310,410
gsm,smartphone,1454958182010000000,107884553.000,37127.000,310,410
gsm,smartphone,1454958193019000000,107884553.000,37127.000,310,410
gsm,smartphone,1454958204025000000,107884553.000,37127.000,310,410
gsm,smartphone,1454958215029000000,107884553.000,37127.000,310,410
gsm,smartphone,1454958226013000000,107884553.000,37127.000,310,410
gsm,smartphone,1454958237010000000,107884553.000,37127.000,310,410
gsm,smartphone,1454958248020000000,107884553.000,37127.000,310,410
gsm,smartphone,1454958259005000000,107884553.000,37127.000,310,410
gsm,smartphone,1454958270050000000,107884553.000,37127.000,310,410
gsm,smartphone,1454958281028000000,107884553.000,37127.000,310,410
gsm,smartphone,1454958292005000000,107884553.000,37127.000,310,410
gsm,smartphone,1454958303014000000,107884554.000,37127.000,310,410
gsm,smartphone,1454958314005000000,107884554.000,37127.000,310,410
gsm,smartphone,1454958325020000000,107884554.000,37127.000,310,410
gsm,smartphone,1454958336007000000,107884554.000,37127.000,310,410
gsm,smartphone,1454958347012000000,107884554.000,37127.000,310,410
gsm,smartphone,1454958358024000000,107884554.000,37127.000,310,410
gsm,smartphone,1454958369005000000,107884554.000,37127.000,310,410
gsm,smartphone,1454958380019000000,107884554.000,37127.000,310,410
gsm,smartphone,1454958391015000000,107884554.000,37127.000,310,410
gsm,smartphone,1454958402020000000,107884554.000,37127.000,310,410
gsm,smartphone,1454958413019000000,107884554.000,37127.000,310,410
gsm,smartphone,1454958424010000000,107884554.000,37127.000,310,410
gsm,smartphone,1454958435048000000,107884554.000,37127.000,310,410
gsm,smartphone,1454958446006000000,107884554.000,37127.000,310,410
gsm,smartphone,1454958457009000000,107884554.000,37127.000,310,410
gsm,smartphone,1454958468016000000,107884554.000,37127.000,310,410
gsm,smartphone,1454958479021000000,107884554.000,37127.000,310,410
gsm,smartphone,1454958490019000000,107884554.000,37127.000,310,410
gsm,smartphone,1454958501024000000,107884554.000,37127.000,310,410
gsm,smartphone,1454958512018000000,107884554.000,37127.000,310,410
gsm,smartphone,1454958523017000000,107884554.000,37127.000,310,410
gsm,smartphone,1454958534016000000,107884554.000,37127.000,310,410
gsm,smartphone,1454958545012000000,107884554.000,37127.000,310,410
gsm,smartphone,1454958556005000000,107884554.000,37127.000,310,410
gsm,smartphone,1454958567020000000,107884554.000,37127.000,310,410
gsm,smartphone,1454958578020000000,107884554.000,37127.000,310,410
gsm,smartphone,1454958589006000000,107884554.000,37127.000,310,410
gsm,smartphone,1454958600051000000,107884554.000,37127.000,310,410
gsm,smartphone,1454958611020000000,107884554.000,37127.000,310,410
gsm,smartphone,1454958622053000000,107884554.000,37127.000,310,410
gsm,smartphone,1454958633011000000,107884554.000,37127.000,310,410
gsm,smartphone,1454958644006000000,107884554.000,37127.000,310,410
gsm,smartphone,1454958655039000000,107884554.000,37127.000,310,410
gsm,smartphone,1454958666021000000,107884554.000,37127.000,310,410
gsm,smartphone,1454958677014000000,107884554.000,37127.000,310,410
gsm,smartphone,1454958688020000000,107884554.000,37127.000,310,410
gsm,smartphone,1454958699030000000,107884554.000,37127.000,310,410
gsm,smartphone,1454958710020000000,107884554.000,37127.000,310,410
gsm,smartphone,1454958721009000000,107884554.000,37127.000,310,410
gsm,smartphone,1454958732020000000,107884554.000,37127.000,310,410
gsm,smartphone,1454958743019000000,107884554.000,37127.000,310,410
gsm,smartphone,1454958754011000000,107884554.000,37127.000,310,410
gsm,smartphone,1454958765009000000,107884554.000,37127.000,310,410
gsm,smartphone,1454958776011000000,107884554.000,37127.000,310,410
gsm,smartphone,1454958787025000000,107884554.000,37127.000,310,410
gsm,smartphone,1454958798022000000,107884554.000,37127.000,310,410
gsm,smartphone,1454958809020000000,107884554.000,37127.000,310,410
gsm,smartphone,1454958820018000000,107884554.000,37127.000,310,410
gsm,smartphone,1454958831008000000,107884553.000,37127.000,310,410
gsm,smartphone,1454958842020000000,107884553.000,37127.000,310,410
gsm,smartphone,1454958853017000000,107884553.000,37127.000,310,410
gsm,smartphone,1454958864023000000,107884553.000,37127.000,310,410
gsm,smartphone,1454958875012000000,107884553.000,37127.000,310,410
gsm,smartphone,1454958886011000000,107884554.000,37127.000,310,410
gsm,smartphone,1454958897028000000,107884554.000,37127.000,310,410
gsm,smartphone,1454958908024000000,107884554.000,37127.000,310,410
gsm,smartphone,1454958919016000000,107884554.000,37127.000,310,410
gsm,smartphone,1454958930037000000,107884554.000,37127.000,310,410
gsm,smartphone,1454958941018000000,107884554.000,37127.000,310,410
gsm,smartphone,1454958952020000000,107884554.000,37127.000,310,410
gsm,smartphone,1454958963012000000,107884554.000,37127.000,310,410
gsm,smartphone,1454958974022000000,107884554.000,37127.000,310,410
gsm,smartphone,1454958985018000000,107884554.000,37127.000,310,410
gsm,smartphone,1454958996006000000,107884554.000,37127.000,310,410
gsm,smartphone,1454959007019000000,107884554.000,37127.000,310,410
gsm,smartphone,1454959018019000000,107884554.000,37127.000,310,410
gsm,smartphone,1454959029023000000,107884554.000,37127.000,310,410
gsm,smartphone,1454959040015000000,107884554.000,37127.000,310,410
gsm,smartphone,1454959051010000000,107884554.000,37127.000,310,410
gsm,smartphone,1454959062004000000,107884554.000,37127.000,310,410
gsm,smartphone,1454959073020000000,107884554.000,37127.000,310,410
gsm,smartphone,1454959084008000000,107884554.000,37127.000,310,410
gsm,smartphone,1454959095088000000,107884554.000,37127.000,310,410
gsm,smartphone,1454959106016000000,107884554.000,37127.000,310,410
gsm,smartphone,1454959117020000000,107884554.000,37127.000,310,410
gsm,smartphone,1454959128007000000,107884554.000,37127.000,310,410
gsm,smartphone,1454959139020000000,107884554.000,37127.000,310,410
gsm,smartphone,1454959150023000000,107884554.000,37127.000,310,410
gsm,smartphone,1454959161031000000,107884554.000,37127.000,310,410
gsm,smartphone,1454959172014000000,107884554.000,37127.000,310,410
gsm,smartphone,1454959183014000000,107884554.000,37127.000,310,410
gsm,smartphone,1454959194021000000,107884554.000,37127.000,310,410
gsm,smartphone,1454959205017000000,107884554.000,37127.000,310,410
gsm,smartphone,1454959216008000000,107884554.000,37127.000,310,410
gsm,smartphone,1454959227020000000,107884554.000,37127.000,310,410
gsm,smartphone,1454959238019000000,107884554.000,37127.000,310,410
gsm,smartphone,1454959249015000000,107884554.000,37127.000,310,410
gsm,smartphone,1454959260031000000,107884554.000,37127.000,310,410
gsm,smartphone,1454959271020000000,107884554.000,37127.000,310,410
gsm,smartphone,1454959282019000000,107884554.000,37127.000,310,410
gsm,smartphone,1454959293009000000,107884554.000,37127.000,310,410
gsm,smartphone,1454959304003000000,107884554.000,37127.000,310,410
gsm,smartphone,1454959315016000000,108762378.000,37127.000,310,410
gsm,smartphone,1454959326022000000,108762378.000,37127.000,310,410
gsm,smartphone,1454959337012000000,108762378.000,37127.000,310,410
gsm,smartphone,1454959348026000000,108762378.000,37127.000,310,410
gsm,smartphone,1454959359019000000,108762378.000,37127.000,310,410
gsm,smartphone,1454959370015000000,108762378.000,37127.000,310,410
gsm,smartphone,1454959381016000000,108762378.000,37127.000,310,410
gsm,smartphone,1454959392020000000,108762378.000,37127.000,310,410
gsm,smartphone,1454959403023000000,108762378.000,37127.000,310,410
gsm,smartphone,1454959414007000000,108762378.000,37127.000,310,410
gsm,smartphone,1454959425045000000,108762378.000,37127.000,310,410
gsm,smartphone,1454959436009000000,108762378.000,37127.000,310,410
gsm,smartphone,1454959447021000000,108762378.000,37127.000,310,410
gsm,smartphone,1454959458032000000,108762378.000,37127.000,310,410
gsm,smartphone,1454959469006000000,108762378.000,37127.000,310,410
gsm,smartphone,1454959480018000000,108762378.000,37127.000,310,410
gsm,smartphone,1454959491016000000,108762378.000,37127.000,310,410
gsm,smartphone,1454959502008000000,108762378.000,37127.000,310,410
gsm,smartphone,1454959513009000000,107884561.000,37127.000,310,410
gsm,smartphone,1454959524006000000,107884561.000,37127.000,310,410
gsm,smartphone,1454959535018000000,107884561.000,37127.000,310,410
gsm,smartphone,1454959546024000000,107884561.000,37127.000,310,410
gsm,smartphone,1454959557019000000,107884561.000,37127.000,310,410
gsm,smartphone,1454959568021000000,107884561.000,37127.000,310,410
gsm,smartphone,1454959579004000000,107884561.000,37127.000,310,410
gsm,smartphone,1454959590019000000,107884561.000,37127.000,310,410
gsm,smartphone,1454959601025000000,107884561.000,37127.000,310,410
gsm,smartphone,1454959612019000000,107884561.000,37127.000,310,410
gsm,smartphone,1454959623014000000,107884561.000,37127.000,310,410
gsm,smartphone,1454959634019000000,107884561.000,37127.000,310,410
gsm,smartphone,1454959645022000000,107884561.000,37127.000,310,410
gsm,smartphone,1454959656038000000,107884561.000,37127.000,310,410
gsm,smartphone,1454959667024000000,107884561.000,37127.000,310,410
gsm,smartphone,1454959678016000000,107884561.000,37127.000,310,410
gsm,smartphone,1454959689021000000,107884561.000,37127.000,310,410
gsm,smartphone,1454959700015000000,107884561.000,37127.000,310,410
gsm,smartphone,1454959711008000000,107884561.000,37127.000,310,410
gsm,smartphone,1454959722021000000,107884561.000,37127.000,310,410
gsm,smartphone,1454959733018000000,107884561.000,37127.000,310,410
gsm,smartphone,1454959744015000000,107884561.000,37127.000,310,410
gsm,smartphone,1454959755034000000,107884561.000,37127.000,310,410
gsm,smartphone,1454959766012000000,107884561.000,37127.000,310,410
gsm,smartphone,1454959777019000000,107884561.000,37127.000,310,410
gsm,smartphone,1454959788018000000,107884561.000,37127.000,310,410
gsm,smartphone,1454959799025000000,107884561.000,37127.000,310,410
gsm,smartphone,1454959810022000000,107884561.000,37127.000,310,410
gsm,smartphone,1454959821020000000,107884561.000,37127.000,310,410
gsm,smartphone,1454959832004000000,107884561.000,37127.000,310,410
gsm,smartphone,1454959843028000000,108762385.000,37127.000,310,410
gsm,smartphone,1454959854025000000,108762385.000,37127.000,310,410
gsm,smartphone,1454959865010000000,108762385.000,37127.000,310,410
gsm,smartphone,1454959876008000000,108762385.000,37127.000,310,410
gsm,smartphone,1454959887018000000,108762385.000,37127.000,310,410
gsm,smartphone,1454959898015000000,107884561.000,37127.000,310,410
gsm,smartphone,1454959909010000000,107884561.000,37127.000,310,410
gsm,smartphone,1454959920046000000,107884561.000,37127.000,310,410
gsm,smartphone,1454959931005000000,107884561.000,37127.000,310,410
gsm,smartphone,1454959942016000000,107884561.000,37127.000,310,410
gsm,smartphone,1454959953011000000,107884561.000,37127.000,310,410
gsm,smartphone,1454959964017000000,107884561.000,37127.000,310,410
gsm,smartphone,1454959975042000000,107884561.000,37127.000,310,410
gsm,smartphone,1454959986015000000,107884561.000,37127.000,310,410
gsm,smartphone,1454959997018000000,107884561.000,37127.000,310,410
gsm,smartphone,1454960008020000000,107884561.000,37127.000,310,410
gsm,smartphone,1454960019017000000,107884561.000,37127.000,310,410
gsm,smartphone,1454960030009000000,107884561.000,37127.000,310,410
gsm,smartphone,1454960041014000000,107884561.000,37127.000,310,410
gsm,smartphone,1454960052026000000,108762385.000,37127.000,310,410
gsm,smartphone,1454960063018000000,107884554.000,37127.000,310,410
gsm,smartphone,1454960074009000000,108762378.000,37127.000,310,410
gsm,smartphone,1454960085045000000,108762378.000,37127.000,310,410
gsm,smartphone,1454960096034000000,108762378.000,37127.000,310,410
gsm,smartphone,1454960107031000000,108762378.000,37127.000,310,410
gsm,smartphone,1454960118023000000,108762378.000,37127.000,310,410
gsm,smartphone,1454960129017000000,108762378.000,37127.000,310,410
gsm,smartphone,1454960140021000000,108762378.000,37127.000,310,410
gsm,smartphone,1454960151019000000,108762378.000,37127.000,310,410
gsm,smartphone,1454960162010000000,108762378.000,37127.000,310,410
gsm,smartphone,1454960173017000000,108762378.000,37127.000,310,410
gsm,smartphone,1454960184018000000,108762378.000,37127.000,310,410
gsm,smartphone,1454960195009000000,108762378.000,37127.000,310,410
gsm,smartphone,1454960206004000000,108762378.000,37127.000,310,410
gsm,smartphone,1454960217021000000,108762378.000,37127.000,310,410
gsm,smartphone,1454960228024000000,108762378.000,37127.000,310,410
gsm,smartphone,1454960239014000000,108762378.000,37127.000,310,410
gsm,smartphone,1454960250017000000,108762378.000,37127.000,310,410
gsm,smartphone,1454960261022000000,108762378.000,37127.000,310,410
gsm,smartphone,1454960272020000000,108762378.000,37127.000,310,410
gsm,smartphone,1454960283010000000,108762378.000,37127.000,310,410
gsm,smartphone,1454960294025000000,108762378.000,37127.000,310,410
gsm,smartphone,1454960305012000000,108762378.000,37127.000,310,410
gsm,smartphone,1454960316008000000,108762378.000,37127.000,310,410
gsm,smartphone,1454960327013000000,108762378.000,37127.000,310,410
gsm,smartphone,1454960338023000000,108762378.000,37127.000,310,410
gsm,smartphone,1454960349004000000,108762378.000,37127.000,310,410
gsm,smartphone,1454960360015000000,108762378.000,37127.000,310,410
gsm,smartphone,1454960371007000000,108762378.000,37127.000,310,410
gsm,smartphone,1454960382005000000,108762378.000,37127.000,310,410
gsm,smartphone,1454960393020000000,108762378.000,37127.000,310,410
gsm,smartphone,1454960404009000000,108762378.000,37127.000,310,410
gsm,smartphone,1454960415083000000,108762378.000,37127.000,310,410
gsm,smartphone,1454960426019000000,108762378.000,37127.000,310,410
gsm,smartphone,1454960437021000000,108762378.000,37127.000,310,410
gsm,smartphone,1454960448004000000,108762378.000,37127.000,310,410
gsm,smartphone,1454960459020000000,108762378.000,37127.000,310,410
gsm,smartphone,1454960470012000000,108762378.000,37127.000,310,410
gsm,smartphone,1454960481024000000,108762378.000,37127.000,310,410
gsm,smartphone,1454960492017000000,108762378.000,37127.000,310,410
gsm,smartphone,1454960503019000000,108762378.000,37127.000,310,410
gsm,smartphone,1454960514017000000,108762378.000,37127.000,310,410
gsm,smartphone,1454960525016000000,108762378.000,37127.000,310,410
gsm,smartphone,1454960536016000000,108762378.000,37127.000,310,410
gsm,smartphone,1454960547022000000,108762378.000,37127.000,310,410
gsm,smartphone,1454960558020000000,108762378.000,37127.000,310,410
gsm,smartphone,1454960569010000000,108762378.000,37127.000,310,410
gsm,smartphone,1454960580038000000,108762378.000,37127.000,310,410
gsm,smartphone,1454960591022000000,108762378.000,37127.000,310,410
gsm,smartphone,1454960602018000000,108762378.000,37127.000,310,410
gsm,smartphone,1454960613014000000,108762378.000,37127.000,310,410
gsm,smartphone,1454960624017000000,108762378.000,37127.000,310,410
gsm,smartphone,1454960635008000000,108762378.000,37127.000,310,410
gsm,smartphone,1454960646014000000,108762378.000,37127.000,310,410
gsm,smartphone,1454960657016000000,108762378.000,37127.000,310,410
gsm,smartphone,1454960668012000000,108762378.000,37127.000,310,410
gsm,smartphone,1454960679019000000,108762378.000,37127.000,310,410
gsm,smartphone,1454960690010000000,108762378.000,37127.000,310,410
gsm,smartphone,1454960701013000000,108762378.000,37127.000,310,410
gsm,smartphone,1454960712018000000,108762378.000,37127.000,310,410
gsm,smartphone,1454960723023000000,108762378.000,37127.000,310,410
gsm,smartphone,1454960734007000000,108762378.000,37127.000,310,410
gsm,smartphone,1454960745071000000,108762378.000,37127.000,310,410
gsm,smartphone,1454960756007000000,108762378.000,37127.000,310,410
gsm,smartphone,1454960767015000000,108762378.000,37127.000,310,410
gsm,smartphone,1454960778013000000,108762378.000,37127.000,310,410
gsm,smartphone,1454960789012000000,108762378.000,37127.000,310,410
gsm,smartphone,1454960800023000000,108762378.000,37127.000,310,410
gsm,smartphone,1454960811019000000,108762378.000,37127.000,310,410
gsm,smartphone,1454960822014000000,108762378.000,37127.000,310,410
gsm,smartphone,1454960833021000000,108762378.000,37127.000,310,410
gsm,smartphone,1454960844021000000,108762378.000,37127.000,310,410
gsm,smartphone,1454960855019000000,108762378.000,37127.000,310,410
gsm,smartphone,1454960866012000000,108762378.000,37127.000,310,410
gsm,smartphone,1454960877021000000,108762378.000,37127.000,310,410
gsm,smartphone,1454960888018000000,108762378.000,37127.000,310,410
gsm,smartphone,1454960899032000000,108762378.000,37127.000,310,410
gsm,smartphone,1454960910036000000,108762378.000,37127.000,310,410
gsm,smartphone,1454960921024000000,107884559.000,37127.000,310,410
gsm,smartphone,1454960932014000000,107884559.000,37127.000,310,410
gsm,smartphone,1454960943013000000,107884559.000,37127.000,310,410
gsm,smartphone,1454960954019000000,107884559.000,37127.000,310,410
gsm,smartphone,1454960965025000000,107884559.000,37127.000,310,410
gsm,smartphone,1454960976032000000,107884559.000,37127.000,310,410
gsm,smartphone,1454960987013000000,107884559.000,37127.000,310,410
gsm,smartphone,1454960998016000000,107884559.000,37127.000,310,410
gsm,smartphone,1454961009018000000,107884559.000,37127.000,310,410
gsm,smartphone,1454961020018000000,107884559.000,37127.000,310,410
gsm,smartphone,1454961031007000000,107884559.000,37127.000,310,410
gsm,smartphone,1454961042021000000,107884559.000,37127.000,310,410
gsm,smartphone,1454961053007000000,107884559.000,37127.000,310,410
gsm,smartphone,1454961064005000000,107884559.000,37127.000,310,410
gsm,smartphone,1454961075052000000,107884559.000,37127.000,310,410
gsm,smartphone,1454961086006000000,107884559.000,37127.000,310,410
gsm,smartphone,1454961097018000000,107884559.000,37127.000,310,410
gsm,smartphone,1454961108016000000,107884559.000,37127.000,310,410
gsm,smartphone,1454961119010000000,107884559.000,37127.000,310,410
gsm,smartphone,1454961130019000000,107884559.000,37127.000,310,410
gsm,smartphone,1454961141017000000,107884559.000,37127.000,310,410
gsm,smartphone,1454961152010000000,107884559.000,37127.000,310,410
gsm,smartphone,1454961163017000000,107884559.000,37127.000,310,410
gsm,smartphone,1454961174019000000,107884559.000,37127.000,310,410
gsm,smartphone,1454961185016000000,107884559.000,37127.000,310,410
gsm,smartphone,1454961196003000000,107884559.000,37127.000,310,410
gsm,smartphone,1454961207005000000,108762376.000,37127.000,310,410
gsm,smartphone,1454961218027000000,108762376.000,37127.000,310,410
gsm,smartphone,1454961229009000000,108762376.000,37127.000,310,410
gsm,smartphone,1454961240005000000,108762376.000,37127.000,310,410
gsm,smartphone,1454961251019000000,108762376.000,37127.000,310,410
gsm,smartphone,1454961262032000000,108762376.000,37127.000,310,410
gsm,smartphone,1454961273015000000,108762376.000,37127.000,310,410
gsm,smartphone,1454961284014000000,108762376.000,37127.000,310,410
gsm,smartphone,1454961295030000000,108762376.000,37127.000,310,410
gsm,smartphone,1454961306010000000,108762376.000,37127.000,310,410
gsm,smartphone,1454961317015000000,108762376.000,37127.000,310,410
gsm,smartphone,1454961328036000000,108762376.000,37127.000,310,410
gsm,smartphone,1454961339030000000,108762376.000,37127.000,310,410
gsm,smartphone,1454961350018000000,108762376.000,37127.000,310,410
gsm,smartphone,1454961361016000000,108762376.000,37127.000,310,410
gsm,smartphone,1454961372014000000,108762376.000,37127.000,310,410
gsm,smartphone,1454961383017000000,108762376.000,37127.000,310,410
gsm,smartphone,1454961394011000000,108762376.000,37127.000,310,410
gsm,smartphone,1454961405035000000,108762376.000,37127.000,310,410
gsm,smartphone,1454961416020000000,108762376.000,37127.000,310,410
gsm,smartphone,1454961427019000000,108762376.000,37127.000,310,410
gsm,smartphone,1454961438024000000,108762376.000,37127.000,310,410
gsm,smartphone,1454961449017000000,108762376.000,37127.000,310,410
gsm,smartphone,1454961460018000000,108762376.000,37127.000,310,410
gsm,smartphone,1454961471021000000,108762376.000,37127.000,310,410
gsm,smartphone,1454961482015000000,108762376.000,37127.000,310,410
gsm,smartphone,1454961493032000000,108762376.000,37127.000,310,410
gsm,smartphone,1454961504030000000,108762376.000,37127.000,310,410
gsm,smartphone,1454961515013000000,108762376.000,37127.000,310,410
gsm,smartphone,1454961526014000000,108762376.000,37127.000,310,410
gsm,smartphone,1454961537008000000,108762376.000,37127.000,310,410
gsm,smartphone,1454961548016000000,108762376.000,37127.000,310,410
gsm,smartphone,1454961559011000000,108762376.000,37127.000,310,410
gsm,smartphone,1454961570029000000,108762376.000,37127.000,310,410
gsm,smartphone,1454961581025000000,108762376.000,37127.000,310,410
gsm,smartphone,1454961592019000000,108762376.000,37127.000,310,410
gsm,smartphone,1454961603013000000,108762376.000,37127.000,310,410
gsm,smartphone,1454961614019000000,108762376.000,37127.000,310,410
gsm,smartphone,1454961625023000000,108762376.000,37127.000,310,410
gsm,smartphone,1454961636004000000,108762376.000,37127.000,310,410
gsm,smartphone,1454961647019000000,108762376.000,37127.000,310,410
gsm,smartphone,1454961658019000000,108762376.000,37127.000,310,410
gsm,smartphone,1454961669017000000,108762376.000,37127.000,310,410
gsm,smartphone,1454961680008000000,108762376.000,37127.000,310,410
gsm,smartphone,1454961691019000000,108762376.000,37127.000,310,410
gsm,smartphone,1454961702019000000,108762376.000,37127.000,310,410
gsm,smartphone,1454961713040000000,108762376.000,37127.000,310,410
gsm,smartphone,1454961724016000000,108762376.000,37127.000,310,410
gsm,smartphone,1454961735074000000,108762376.000,37127.000,310,410
gsm,smartphone,1454961746016000000,108762376.000,37127.000,310,410
gsm,smartphone,1454961757022000000,108762376.000,37127.000,310,410
gsm,smartphone,1454961768006000000,108762378.000,37127.000,310,410
gsm,smartphone,1454961779025000000,108762378.000,37127.000,310,410
gsm,smartphone,1454961790017000000,108762378.000,37127.000,310,410
gsm,smartphone,1454961801024000000,108762378.000,37127.000,310,410
gsm,smartphone,1454961812019000000,108762378.000,37127.000,310,410
gsm,smartphone,1454961823017000000,108762378.000,37127.000,310,410
gsm,smartphone,1454961834018000000,108762378.000,37127.000,310,410
gsm,smartphone,1454961845028000000,108762378.000,37127.000,310,410
gsm,smartphone,1454961856007000000,108762378.000,37127.000,310,410
gsm,smartphone,1454961867019000000,108762378.000,37127.000,310,410
gsm,smartphone,1454961878034000000,108762378.000,37127.000,310,410
gsm,smartphone,1454961889017000000,108762378.000,37127.000,310,410
gsm,smartphone,1454961900031000000,108762378.000,37127.000,310,410
gsm,smartphone,1454961911019000000,108762378.000,37127.000,310,410
gsm,smartphone,1454961922019000000,108762378.000,37127.000,310,410
gsm,smartphone,1454961933016000000,108762378.000,37127.000,310,410
gsm,smartphone,1454961944021000000,108762378.000,37127.000,310,410
gsm,smartphone,1454961955020000000,108762378.000,37127.000,310,410
gsm,smartphone,1454961966012000000,108762378.000,37127.000,310,410
gsm,smartphone,1454961977008000000,108762378.000,37127.000,310,410
gsm,smartphone,1454961988007000000,108762378.000,37127.000,310,410
gsm,smartphone,1454961999023000000,108762378.000,37127.000,310,410
gsm,smartphone,1454962010004000000,108762378.000,37127.000,310,410
gsm,smartphone,1454962021009000000,108762378.000,37127.000,310,410
gsm,smartphone,1454962032020000000,108762378.000,37127.000,310,410
gsm,smartphone,1454962043020000000,108762378.000,37127.000,310,410
gsm,smartphone,1454962054023000000,108762378.000,37127.000,310,410
gsm,smartphone,1454962065036000000,108762378.000,37127.000,310,410
gsm,smartphone,1454962076005000000,108762378.000,37127.000,310,410
gsm,smartphone,1454962087021000000,108762378.000,37127.000,310,410
gsm,smartphone,1454962098021000000,108762378.000,37127.000,310,410
gsm,smartphone,1454962109045000000,108762378.000,37127.000,310,410
gsm,smartphone,1454962120021000000,108762378.000,37127.000,310,410
gsm,smartphone,1454962131017000000,108762378.000,37127.000,310,410
gsm,smartphone,1454962142021000000,108762378.000,37127.000,310,410
gsm,smartphone,1454962153021000000,108762378.000,37127.000,310,410
gsm,smartphone,1454962164021000000,108762378.000,37127.000,310,410
gsm,smartphone,1454962175017000000,108762378.000,37127.000,310,410
gsm,smartphone,1454962186008000000,108762378.000,37127.000,310,410
gsm,smartphone,1454962197025000000,108762378.000,37127.000,310,410
gsm,smartphone,1454962208018000000,108762378.000,37127.000,310,410
gsm,smartphone,1454962219008000000,108762378.000,37127.000,310,410
gsm,smartphone,1454962230035000000,108762378.000,37127.000,310,410
gsm,smartphone,1454962241019000000,108762378.000,37127.000,310,410
gsm,smartphone,1454962252018000000,108762378.000,37127.000,310,410
gsm,smartphone,1454962263014000000,108762378.000,37127.000,310,410
gsm,smartphone,1454962274017000000,108762378.000,37127.000,310,410
gsm,smartphone,1454962285023000000,108762378.000,37127.000,310,410
gsm,smartphone,1454962296004000000,108762378.000,37127.000,310,410
gsm,smartphone,1454962307010000000,108762378.000,37127.000,310,410
gsm,smartphone,1454962318021000000,108762378.000,37127.000,310,410
gsm,smartphone,1454962329020000000,108762378.000,37127.000,310,410
gsm,smartphone,1454962340039000000,108762378.000,37127.000,310,410
gsm,smartphone,1454962351019000000,108762378.000,37127.000,310,410
gsm,smartphone,1454962362018000000,108762378.000,37127.000,310,410
gsm,smartphone,1454962373006000000,108762376.000,37127.000,310,410
gsm,smartphone,1454962384009000000,108762376.000,37127.000,310,410
gsm,smartphone,1454962395044000000,108762376.000,37127.000,310,410
gsm,smartphone,1454962406006000000,108762376.000,37127.000,310,410
gsm,smartphone,1454962417020000000,108762376.000,37127.000,310,410
gsm,smartphone,1454962428016000000,108762376.000,37127.000,310,410
gsm,smartphone,1454962439017000000,108762376.000,37127.000,310,410
gsm,smartphone,1454962450019000000,108762376.000,37127.000,310,410
gsm,smartphone,1454962461017000000,108762376.000,37127.000,310,410
gsm,smartphone,1454962472020000000,108762376.000,37127.000,310,410
gsm,smartphone,1454962483019000000,108762376.000,37127.000,310,410
gsm,smartphone,1454962494020000000,108762376.000,37127.000,310,410
gsm,smartphone,1454962505010000000,108762376.000,37127.000,310,410
gsm,smartphone,1454962516014000000,108762376.000,37127.000,310,410
gsm,smartphone,1454962527022000000,108762376.000,37127.000,310,410
gsm,smartphone,1454962538021000000,108762376.000,37127.000,310,410
gsm,smartphone,1454962549016000000,108762376.000,37127.000,310,410
gsm,smartphone,1454962560098000000,108762376.000,37127.000,310,410
gsm,smartphone,1454962571025000000,108762376.000,37127.000,310,410
gsm,smartphone,1454962582016000000,108762376.000,37127.000,310,410
gsm,smartphone,1454962593014000000,108762376.000,37127.000,310,410
gsm,smartphone,1454962604022000000,108762376.000,37127.000,310,410
gsm,smartphone,1454962615031000000,108762376.000,37127.000,310,410
gsm,smartphone,1454962626027000000,108762376.000,37127.000,310,410
gsm,smartphone,1454962637015000000,108762376.000,37127.000,310,410
gsm,smartphone,1454962648029000000,108762376.000,37127.000,310,410
gsm,smartphone,1454962659006000000,108762376.000,37127.000,310,410
gsm,smartphone,1454962670008000000,108762376.000,37127.000,310,410
gsm,smartphone,1454962681018000000,108762376.000,37127.000,310,410
gsm,smartphone,1454962692022000000,108762376.000,37127.000,310,410
gsm,smartphone,1454962703008000000,108762376.000,37127.000,310,410
gsm,smartphone,1454962714019000000,108762376.000,37127.000,310,410
gsm,smartphone,1454962725036000000,108762376.000,37127.000,310,410
gsm,smartphone,1454962736020000000,108762376.000,37127.000,310,410
gsm,smartphone,1454962747018000000,108762376.000,37127.000,310,410
gsm,smartphone,1454962758013000000,108762376.000,37127.000,310,410
gsm,smartphone,1454962769018000000,108762376.000,37127.000,310,410
gsm,smartphone,1454962780014000000,108762376.000,37127.000,310,410
gsm,smartphone,1454962791007000000,108762376.000,37127.000,310,410
gsm,smartphone,1454962802010000000,108762376.000,37127.000,310,410
gsm,smartphone,1454962813033000000,108762376.000,37127.000,310,410
gsm,smartphone,1454962824024000000,108762376.000,37127.000,310,410
gsm,smartphone,1454962835016000000,108762376.000,37127.000,310,410
gsm,smartphone,1454962846015000000,108762376.000,37127.000,310,410
gsm,smartphone,1454962857004000000,108762376.000,37127.000,310,410
gsm,smartphone,1454962868019000000,108762376.000,37127.000,310,410
gsm,smartphone,1454962879013000000,108762376.000,37127.000,310,410
gsm,smartphone,1454962890030000000,108762376.000,37127.000,310,410
gsm,smartphone,1454962901016000000,108762376.000,37127.000,310,410
gsm,smartphone,1454962912019000000,108762376.000,37127.000,310,410
gsm,smartphone,1454962923013000000,108762376.000,37127.000,310,410
gsm,smartphone,1454962934005000000,108762376.000,37127.000,310,410
gsm,smartphone,1454962945019000000,108762376.000,37127.000,310,410
gsm,smartphone,1454962956006000000,108762376.000,37127.000,310,410
gsm,smartphone,1454962967011000000,108762376.000,37127.000,310,410
gsm,smartphone,1454962978019000000,108762376.000,37127.000,310,410
gsm,smartphone,1454962989037000000,108762376.000,37127.000,310,410
gsm,smartphone,1454963000022000000,108762376.000,37127.000,310,410
gsm,smartphone,1454963011009000000,108762376.000,37127.000,310,410
gsm,smartphone,1454963022004000000,108762376.000,37127.000,310,410
gsm,smartphone,1454963033019000000,108762376.000,37127.000,310,410
gsm,smartphone,1454963044009000000,108762376.000,37127.000,310,410
gsm,smartphone,1454963055091000000,108762376.000,37127.000,310,410
gsm,smartphone,1454963066033000000,108762376.000,37127.000,310,410
gsm,smartphone,1454963077020000000,108762376.000,37127.000,310,410
gsm,smartphone,1454963088023000000,108762376.000,37127.000,310,410
gsm,smartphone,1454963099025000000,108762376.000,37127.000,310,410
gsm,smartphone,1454963110032000000,108762376.000,37127.000,310,410
gsm,smartphone,1454963121027000000,108762376.000,37127.000,310,410
gsm,smartphone,1454963132010000000,108762376.000,37127.000,310,410
gsm,smartphone,1454963143009000000,108762377.000,37127.000,310,410
gsm,smartphone,1454963154004000000,108762377.000,37127.000,310,410
gsm,smartphone,1454963165026000000,108762377.000,37127.000,310,410
gsm,smartphone,1454963176010000000,108762377.000,37127.000,310,410
gsm,smartphone,1454963187004000000,108762377.000,37127.000,310,410
gsm,smartphone,1454963198024000000,108762377.000,37127.000,310,410
gsm,smartphone,1454963209030000000,108762377.000,37127.000,310,410
gsm,smartphone,1454963220041000000,108762377.000,37127.000,310,410
gsm,smartphone,1454963231008000000,108762377.000,37127.000,310,410
gsm,smartphone,1454963242021000000,108762377.000,37127.000,310,410
gsm,smartphone,1454963253017000000,108762377.000,37127.000,310,410
gsm,smartphone,1454963264021000000,108762377.000,37127.000,310,410
gsm,smartphone,1454963275016000000,108762377.000,37127.000,310,410
gsm,smartphone,1454963286004000000,108762377.000,37127.000,310,410
gsm,smartphone,1454963297008000000,108762377.000,37127.000,310,410
gsm,smartphone,1454963308034000000,108762377.000,37127.000,310,410
gsm,smartphone,1454963319021000000,108762377.000,37127.000,310,410
gsm,smartphone,1454963330011000000,108762377.000,37127.000,310,410
gsm,smartphone,1454963341012000000,108762377.000,37127.000,310,410
gsm,smartphone,1454963352009000000,108762377.000,37127.000,310,410
gsm,smartphone,1454963363013000000,108762377.000,37127.000,310,410
gsm,smartphone,1454963374011000000,108762377.000,37127.000,310,410
gsm,smartphone,1454963385044000000,108762377.000,37127.000,310,410
gsm,smartphone,1454963396005000000,108762377.000,37127.000,310,410
gsm,smartphone,1454963407018000000,108762377.000,37127.000,310,410
gsm,smartphone,1454963418022000000,108762377.000,37127.000,310,410
gsm,smartphone,1454963429023000000,108762377.000,37127.000,310,410
gsm,smartphone,1454963440016000000,108762377.000,37127.000,310,410
gsm,smartphone,1454963451023000000,108762377.000,37127.000,310,410
gsm,smartphone,1454963462004000000,108762377.000,37127.000,310,410
gsm,smartphone,1454963473014000000,108762377.000,37127.000,310,410
gsm,smartphone,1454963484031000000,108762377.000,37127.000,310,410
gsm,smartphone,1454963495010000000,108762377.000,37127.000,310,410
gsm,smartphone,1454963506011000000,108762377.000,37127.000,310,410
gsm,smartphone,1454963517005000000,108762377.000,37127.000,310,410
gsm,smartphone,1454963528025000000,108762377.000,37127.000,310,410
gsm,smartphone,1454963539013000000,108762377.000,37127.000,310,410
gsm,smartphone,1454963550015000000,108762377.000,37127.000,310,410
gsm,smartphone,1454963561006000000,108762377.000,37127.000,310,410
gsm,smartphone,1454963572003000000,108762377.000,37127.000,310,410
gsm,smartphone,1454963583010000000,108762377.000,37127.000,310,410
gsm,smartphone,1454963594007000000,108762377.000,37127.000,310,410
gsm,smartphone,1454963605022000000,108762377.000,37127.000,310,410
gsm,smartphone,1454963616006000000,108762377.000,37127.000,310,410
gsm,smartphone,1454963627015000000,108762377.000,37127.000,310,410
gsm,smartphone,1454963638021000000,108762377.000,37127.000,310,410
gsm,smartphone,1454963649003000000,108762377.000,37127.000,310,410
gsm,smartphone,1454963660009000000,108762377.000,37127.000,310,410
gsm,smartphone,1454963671020000000,108762377.000,37127.000,310,410
gsm,smartphone,1454963682021000000,108762377.000,37127.000,310,410
gsm,smartphone,1454963693019000000,108762377.000,37127.000,310,410
gsm,smartphone,1454963704025000000,108762377.000,37127.000,310,410
gsm,smartphone,1454963715010000000,108762377.000,37127.000,310,410
gsm,smartphone,1454963726013000000,108762377.000,37127.000,310,410
gsm,smartphone,1454963737018000000,108762377.000,37127.000,310,410
gsm,smartphone,1454963748022000000,108762377.000,37127.000,310,410
gsm,smartphone,1454963759005000000,108762377.000,37127.000,310,410
gsm,smartphone,1454963770088000000,108762377.000,37127.000,310,410
gsm,smartphone,1454963781004000000,108762377.000,37127.000,310,410
gsm,smartphone,1454963792036000000,108762377.000,37127.000,310,410
gsm,smartphone,1454963803022000000,108762377.000,37127.000,310,410
gsm,smartphone,1454963814016000000,108762377.000,37127.000,310,410
gsm,smartphone,1454963825015000000,108762377.000,37127.000,310,410
gsm,smartphone,1454963836007000000,108762377.000,37127.000,310,410
gsm,smartphone,1454963847019000000,108762377.000,37127.000,310,410
gsm,smartphone,1454963858026000000,108762377.000,37127.000,310,410
gsm,smartphone,1454963869090000000,108762377.000,37127.000,310,410
gsm,smartphone,1454963880013000000,108762377.000,37127.000,310,410
gsm,smartphone,1454963891006000000,108762377.000,37127.000,310,410
gsm,smartphone,1454963902034000000,108762377.000,37127.000,310,410
gsm,smartphone,1454963913009000000,108762377.000,37127.000,310,410
gsm,smartphone,1454963924026000000,108762377.000,37127.000,310,410
gsm,smartphone,1454963935022000000,108762377.000,37127.000,310,410
gsm,smartphone,1454963946060000000,108762377.000,37127.000,310,410
gsm,smartphone,1454963957003000000,108762377.000,37127.000,310,410
gsm,smartphone,1454963968012000000,108762377.000,37127.000,310,410
gsm,smartphone,1454963979022000000,108762377.000,37127.000,310,410
gsm,smartphone,1454963990025000000,108762377.000,37127.000,310,410
gsm,smartphone,1454964001016000000,108762377.000,37127.000,310,410
gsm,smartphone,1454964012010000000,108762377.000,37127.000,310,410
gsm,smartphone,1454964023022000000,108762377.000,37127.000,310,410
gsm,smartphone,1454964034006000000,108762377.000,37127.000,310,410
gsm,smartphone,1454964045031000000,108762377.000,37127.000,310,410
gsm,smartphone,1454964056016000000,108762377.000,37127.000,310,410
gsm,smartphone,1454964067007000000,108762377.000,37127.000,310,410
gsm,smartphone,1454964078009000000,108762377.000,37127.000,310,410
gsm,smartphone,1454964089020000000,108762377.000,37127.000,310,410
